ISO-10303-21;
HEADER;
FILE_DESCRIPTION(('Open CASCADE Model'),'2;1');
FILE_NAME('SocketHeadCapScrew(M5-0.8, 12.00, iso4762)',
  '2026-09-22T11:53:20',('Author'),('Open CASCADE'),
  'Open CASCADE STEP processor 7.8','build123d','Unknown');
FILE_SCHEMA(('AUTOMOTIVE_DESIGN { 1 0 10303 214 1 1 1 1 }'));
ENDSEC;
DATA;
#1 = APPLICATION_PROTOCOL_DEFINITION('international standard',
  'automotive_design',2000,#2);
#2 = APPLICATION_CONTEXT(
  'core data for automotive mechanical design processes');
#3 = SHAPE_DEFINITION_REPRESENTATION(#4,#10);
#4 = PRODUCT_DEFINITION_SHAPE('','',#5);
#5 = PRODUCT_DEFINITION('design','',#6,#9);
#6 = PRODUCT_DEFINITION_FORMATION('','',#7);
#7 = PRODUCT('SocketHeadCapScrew(M5-0.8, 12.00, iso4762)',
  'SocketHeadCapScrew(M5-0.8, 12.00, iso4762)','',(#8));
#8 = PRODUCT_CONTEXT('',#2,'mechanical');
#9 = PRODUCT_DEFINITION_CONTEXT('part definition',#2,'design');
#10 = SHAPE_REPRESENTATION('',(#11,#15,#19),#23);
#11 = AXIS2_PLACEMENT_3D('',#12,#13,#14);
#12 = CARTESIAN_POINT('',(0.,0.,0.));
#13 = DIRECTION('',(0.,0.,1.));
#14 = DIRECTION('',(1.,0.,-0.));
#15 = AXIS2_PLACEMENT_3D('',#16,#17,#18);
#16 = CARTESIAN_POINT('',(0.,0.,0.));
#17 = DIRECTION('',(0.,0.,1.));
#18 = DIRECTION('',(1.,0.,-0.));
#19 = AXIS2_PLACEMENT_3D('',#20,#21,#22);
#20 = CARTESIAN_POINT('',(0.,0.,-12.));
#21 = DIRECTION('',(0.,0.,1.));
#22 = DIRECTION('',(1.,0.,-0.));
#23 = ( GEOMETRIC_REPRESENTATION_CONTEXT(3) 
GLOBAL_UNCERTAINTY_ASSIGNED_CONTEXT((#27)) GLOBAL_UNIT_ASSIGNED_CONTEXT(
(#24,#25,#26)) REPRESENTATION_CONTEXT('Context #1',
  '3D Context with UNIT and UNCERTAINTY') );
#24 = ( LENGTH_UNIT() NAMED_UNIT(*) SI_UNIT(.MILLI.,.METRE.) );
#25 = ( NAMED_UNIT(*) PLANE_ANGLE_UNIT() SI_UNIT($,.RADIAN.) );
#26 = ( NAMED_UNIT(*) SI_UNIT($,.STERADIAN.) SOLID_ANGLE_UNIT() );
#27 = UNCERTAINTY_MEASURE_WITH_UNIT(LENGTH_MEASURE(1.E-07),#24,
  'distance_accuracy_value','confusion accuracy');
#28 = PRODUCT_RELATED_PRODUCT_CATEGORY('part',$,(#7));
#29 = SHAPE_DEFINITION_REPRESENTATION(#30,#36);
#30 = PRODUCT_DEFINITION_SHAPE('','',#31);
#31 = PRODUCT_DEFINITION('design','',#32,#35);
#32 = PRODUCT_DEFINITION_FORMATION('','',#33);
#33 = PRODUCT('body','body','',(#34));
#34 = PRODUCT_CONTEXT('',#2,'mechanical');
#35 = PRODUCT_DEFINITION_CONTEXT('part definition',#2,'design');
#36 = ADVANCED_BREP_SHAPE_REPRESENTATION('',(#11,#37),#741);
#37 = MANIFOLD_SOLID_BREP('',#38);
#38 = CLOSED_SHELL('',(#39,#107,#162,#217,#273,#277,#451,#521,#567,#613,
    #659,#705,#732));
#39 = ADVANCED_FACE('',(#40,#76),#53,.F.);
#40 = FACE_BOUND('',#41,.T.);
#41 = EDGE_LOOP('',(#42));
#42 = ORIENTED_EDGE('',*,*,#43,.F.);
#43 = EDGE_CURVE('',#44,#44,#46,.T.);
#44 = VERTEX_POINT('',#45);
#45 = CARTESIAN_POINT('',(4.36,0.,0.));
#46 = SURFACE_CURVE('',#47,(#52,#64),.PCURVE_S1.);
#47 = CIRCLE('',#48,4.36);
#48 = AXIS2_PLACEMENT_3D('',#49,#50,#51);
#49 = CARTESIAN_POINT('',(0.,0.,0.));
#50 = DIRECTION('',(0.,0.,1.));
#51 = DIRECTION('',(1.,0.,-0.));
#52 = PCURVE('',#53,#58);
#53 = PLANE('',#54);
#54 = AXIS2_PLACEMENT_3D('',#55,#56,#57);
#55 = CARTESIAN_POINT('',(0.,0.,0.));
#56 = DIRECTION('',(0.,0.,1.));
#57 = DIRECTION('',(1.,0.,-0.));
#58 = DEFINITIONAL_REPRESENTATION('',(#59),#63);
#59 = CIRCLE('',#60,4.36);
#60 = AXIS2_PLACEMENT_2D('',#61,#62);
#61 = CARTESIAN_POINT('',(0.,0.));
#62 = DIRECTION('',(1.,-0.));
#63 = ( GEOMETRIC_REPRESENTATION_CONTEXT(2) 
PARAMETRIC_REPRESENTATION_CONTEXT() REPRESENTATION_CONTEXT('2D SPACE',''
  ) );
#64 = PCURVE('',#65,#70);
#65 = CYLINDRICAL_SURFACE('',#66,4.36);
#66 = AXIS2_PLACEMENT_3D('',#67,#68,#69);
#67 = CARTESIAN_POINT('',(0.,0.,2.5));
#68 = DIRECTION('',(0.,0.,1.));
#69 = DIRECTION('',(1.,0.,-0.));
#70 = DEFINITIONAL_REPRESENTATION('',(#71),#75);
#71 = LINE('',#72,#73);
#72 = CARTESIAN_POINT('',(0.,-2.5));
#73 = VECTOR('',#74,1.);
#74 = DIRECTION('',(1.,0.));
#75 = ( GEOMETRIC_REPRESENTATION_CONTEXT(2) 
PARAMETRIC_REPRESENTATION_CONTEXT() REPRESENTATION_CONTEXT('2D SPACE',''
  ) );
#76 = FACE_BOUND('',#77,.T.);
#77 = EDGE_LOOP('',(#78));
#78 = ORIENTED_EDGE('',*,*,#79,.T.);
#79 = EDGE_CURVE('',#80,#80,#82,.T.);
#80 = VERTEX_POINT('',#81);
#81 = CARTESIAN_POINT('',(2.066987298108,-5.062658757012E-16,0.));
#82 = SURFACE_CURVE('',#83,(#88,#95),.PCURVE_S1.);
#83 = CIRCLE('',#84,2.066987298108);
#84 = AXIS2_PLACEMENT_3D('',#85,#86,#87);
#85 = CARTESIAN_POINT('',(0.,0.,0.));
#86 = DIRECTION('',(0.,0.,1.));
#87 = DIRECTION('',(1.,0.,-0.));
#88 = PCURVE('',#53,#89);
#89 = DEFINITIONAL_REPRESENTATION('',(#90),#94);
#90 = CIRCLE('',#91,2.066987298108);
#91 = AXIS2_PLACEMENT_2D('',#92,#93);
#92 = CARTESIAN_POINT('',(0.,0.));
#93 = DIRECTION('',(1.,-0.));
#94 = ( GEOMETRIC_REPRESENTATION_CONTEXT(2) 
PARAMETRIC_REPRESENTATION_CONTEXT() REPRESENTATION_CONTEXT('2D SPACE',''
  ) );
#95 = PCURVE('',#96,#101);
#96 = CYLINDRICAL_SURFACE('',#97,2.066987298108);
#97 = AXIS2_PLACEMENT_3D('',#98,#99,#100);
#98 = CARTESIAN_POINT('',(0.,0.,-12.));
#99 = DIRECTION('',(0.,0.,1.));
#100 = DIRECTION('',(1.,0.,-0.));
#101 = DEFINITIONAL_REPRESENTATION('',(#102),#106);
#102 = LINE('',#103,#104);
#103 = CARTESIAN_POINT('',(0.,12.));
#104 = VECTOR('',#105,1.);
#105 = DIRECTION('',(1.,0.));
#106 = ( GEOMETRIC_REPRESENTATION_CONTEXT(2) 
PARAMETRIC_REPRESENTATION_CONTEXT() REPRESENTATION_CONTEXT('2D SPACE',''
  ) );
#107 = ADVANCED_FACE('',(#108),#65,.T.);
#108 = FACE_BOUND('',#109,.T.);
#109 = EDGE_LOOP('',(#110,#111,#134,#161));
#110 = ORIENTED_EDGE('',*,*,#43,.T.);
#111 = ORIENTED_EDGE('',*,*,#112,.T.);
#112 = EDGE_CURVE('',#44,#113,#115,.T.);
#113 = VERTEX_POINT('',#114);
#114 = CARTESIAN_POINT('',(4.36,0.,4.625));
#115 = SEAM_CURVE('',#116,(#120,#127),.PCURVE_S1.);
#116 = LINE('',#117,#118);
#117 = CARTESIAN_POINT('',(4.36,0.,2.5));
#118 = VECTOR('',#119,1.);
#119 = DIRECTION('',(0.,0.,1.));
#120 = PCURVE('',#65,#121);
#121 = DEFINITIONAL_REPRESENTATION('',(#122),#126);
#122 = LINE('',#123,#124);
#123 = CARTESIAN_POINT('',(0.,0.));
#124 = VECTOR('',#125,1.);
#125 = DIRECTION('',(0.,1.));
#126 = ( GEOMETRIC_REPRESENTATION_CONTEXT(2) 
PARAMETRIC_REPRESENTATION_CONTEXT() REPRESENTATION_CONTEXT('2D SPACE',''
  ) );
#127 = PCURVE('',#65,#128);
#128 = DEFINITIONAL_REPRESENTATION('',(#129),#133);
#129 = LINE('',#130,#131);
#130 = CARTESIAN_POINT('',(6.28318530718,0.));
#131 = VECTOR('',#132,1.);
#132 = DIRECTION('',(0.,1.));
#133 = ( GEOMETRIC_REPRESENTATION_CONTEXT(2) 
PARAMETRIC_REPRESENTATION_CONTEXT() REPRESENTATION_CONTEXT('2D SPACE',''
  ) );
#134 = ORIENTED_EDGE('',*,*,#135,.F.);
#135 = EDGE_CURVE('',#113,#113,#136,.T.);
#136 = SURFACE_CURVE('',#137,(#142,#149),.PCURVE_S1.);
#137 = CIRCLE('',#138,4.36);
#138 = AXIS2_PLACEMENT_3D('',#139,#140,#141);
#139 = CARTESIAN_POINT('',(0.,0.,4.625));
#140 = DIRECTION('',(0.,0.,1.));
#141 = DIRECTION('',(1.,0.,-0.));
#142 = PCURVE('',#65,#143);
#143 = DEFINITIONAL_REPRESENTATION('',(#144),#148);
#144 = LINE('',#145,#146);
#145 = CARTESIAN_POINT('',(0.,2.125));
#146 = VECTOR('',#147,1.);
#147 = DIRECTION('',(1.,0.));
#148 = ( GEOMETRIC_REPRESENTATION_CONTEXT(2) 
PARAMETRIC_REPRESENTATION_CONTEXT() REPRESENTATION_CONTEXT('2D SPACE',''
  ) );
#149 = PCURVE('',#150,#155);
#150 = TOROIDAL_SURFACE('',#151,3.985,0.375);
#151 = AXIS2_PLACEMENT_3D('',#152,#153,#154);
#152 = CARTESIAN_POINT('',(0.,0.,4.625));
#153 = DIRECTION('',(0.,0.,1.));
#154 = DIRECTION('',(1.,0.,-0.));
#155 = DEFINITIONAL_REPRESENTATION('',(#156),#160);
#156 = LINE('',#157,#158);
#157 = CARTESIAN_POINT('',(0.,0.));
#158 = VECTOR('',#159,1.);
#159 = DIRECTION('',(1.,0.));
#160 = ( GEOMETRIC_REPRESENTATION_CONTEXT(2) 
PARAMETRIC_REPRESENTATION_CONTEXT() REPRESENTATION_CONTEXT('2D SPACE',''
  ) );
#161 = ORIENTED_EDGE('',*,*,#112,.F.);
#162 = ADVANCED_FACE('',(#163),#96,.T.);
#163 = FACE_BOUND('',#164,.T.);
#164 = EDGE_LOOP('',(#165,#166,#189,#216));
#165 = ORIENTED_EDGE('',*,*,#79,.F.);
#166 = ORIENTED_EDGE('',*,*,#167,.F.);
#167 = EDGE_CURVE('',#168,#80,#170,.T.);
#168 = VERTEX_POINT('',#169);
#169 = CARTESIAN_POINT('',(2.066987298108,-5.062658757012E-16,-12.));
#170 = SEAM_CURVE('',#171,(#175,#182),.PCURVE_S1.);
#171 = LINE('',#172,#173);
#172 = CARTESIAN_POINT('',(2.066987298108,-5.062658757012E-16,-12.));
#173 = VECTOR('',#174,1.);
#174 = DIRECTION('',(0.,0.,1.));
#175 = PCURVE('',#96,#176);
#176 = DEFINITIONAL_REPRESENTATION('',(#177),#181);
#177 = LINE('',#178,#179);
#178 = CARTESIAN_POINT('',(6.28318530718,-0.));
#179 = VECTOR('',#180,1.);
#180 = DIRECTION('',(0.,1.));
#181 = ( GEOMETRIC_REPRESENTATION_CONTEXT(2) 
PARAMETRIC_REPRESENTATION_CONTEXT() REPRESENTATION_CONTEXT('2D SPACE',''
  ) );
#182 = PCURVE('',#96,#183);
#183 = DEFINITIONAL_REPRESENTATION('',(#184),#188);
#184 = LINE('',#185,#186);
#185 = CARTESIAN_POINT('',(0.,-0.));
#186 = VECTOR('',#187,1.);
#187 = DIRECTION('',(0.,1.));
#188 = ( GEOMETRIC_REPRESENTATION_CONTEXT(2) 
PARAMETRIC_REPRESENTATION_CONTEXT() REPRESENTATION_CONTEXT('2D SPACE',''
  ) );
#189 = ORIENTED_EDGE('',*,*,#190,.T.);
#190 = EDGE_CURVE('',#168,#168,#191,.T.);
#191 = SURFACE_CURVE('',#192,(#197,#204),.PCURVE_S1.);
#192 = CIRCLE('',#193,2.066987298108);
#193 = AXIS2_PLACEMENT_3D('',#194,#195,#196);
#194 = CARTESIAN_POINT('',(0.,0.,-12.));
#195 = DIRECTION('',(0.,0.,1.));
#196 = DIRECTION('',(1.,0.,-0.));
#197 = PCURVE('',#96,#198);
#198 = DEFINITIONAL_REPRESENTATION('',(#199),#203);
#199 = LINE('',#200,#201);
#200 = CARTESIAN_POINT('',(0.,0.));
#201 = VECTOR('',#202,1.);
#202 = DIRECTION('',(1.,0.));
#203 = ( GEOMETRIC_REPRESENTATION_CONTEXT(2) 
PARAMETRIC_REPRESENTATION_CONTEXT() REPRESENTATION_CONTEXT('2D SPACE',''
  ) );
#204 = PCURVE('',#205,#210);
#205 = PLANE('',#206);
#206 = AXIS2_PLACEMENT_3D('',#207,#208,#209);
#207 = CARTESIAN_POINT('',(0.,0.,-12.));
#208 = DIRECTION('',(0.,0.,1.));
#209 = DIRECTION('',(1.,0.,-0.));
#210 = DEFINITIONAL_REPRESENTATION('',(#211),#215);
#211 = CIRCLE('',#212,2.066987298108);
#212 = AXIS2_PLACEMENT_2D('',#213,#214);
#213 = CARTESIAN_POINT('',(0.,0.));
#214 = DIRECTION('',(1.,0.));
#215 = ( GEOMETRIC_REPRESENTATION_CONTEXT(2) 
PARAMETRIC_REPRESENTATION_CONTEXT() REPRESENTATION_CONTEXT('2D SPACE',''
  ) );
#216 = ORIENTED_EDGE('',*,*,#167,.T.);
#217 = ADVANCED_FACE('',(#218),#150,.T.);
#218 = FACE_BOUND('',#219,.T.);
#219 = EDGE_LOOP('',(#220,#221,#245,#272));
#220 = ORIENTED_EDGE('',*,*,#135,.T.);
#221 = ORIENTED_EDGE('',*,*,#222,.T.);
#222 = EDGE_CURVE('',#113,#223,#225,.T.);
#223 = VERTEX_POINT('',#224);
#224 = CARTESIAN_POINT('',(3.985,0.,5.));
#225 = SEAM_CURVE('',#226,(#231,#238),.PCURVE_S1.);
#226 = CIRCLE('',#227,0.375);
#227 = AXIS2_PLACEMENT_3D('',#228,#229,#230);
#228 = CARTESIAN_POINT('',(3.985,0.,4.625));
#229 = DIRECTION('',(0.,-1.,0.));
#230 = DIRECTION('',(1.,0.,0.));
#231 = PCURVE('',#150,#232);
#232 = DEFINITIONAL_REPRESENTATION('',(#233),#237);
#233 = LINE('',#234,#235);
#234 = CARTESIAN_POINT('',(0.,0.));
#235 = VECTOR('',#236,1.);
#236 = DIRECTION('',(0.,1.));
#237 = ( GEOMETRIC_REPRESENTATION_CONTEXT(2) 
PARAMETRIC_REPRESENTATION_CONTEXT() REPRESENTATION_CONTEXT('2D SPACE',''
  ) );
#238 = PCURVE('',#150,#239);
#239 = DEFINITIONAL_REPRESENTATION('',(#240),#244);
#240 = LINE('',#241,#242);
#241 = CARTESIAN_POINT('',(6.28318530718,0.));
#242 = VECTOR('',#243,1.);
#243 = DIRECTION('',(0.,1.));
#244 = ( GEOMETRIC_REPRESENTATION_CONTEXT(2) 
PARAMETRIC_REPRESENTATION_CONTEXT() REPRESENTATION_CONTEXT('2D SPACE',''
  ) );
#245 = ORIENTED_EDGE('',*,*,#246,.F.);
#246 = EDGE_CURVE('',#223,#223,#247,.T.);
#247 = SURFACE_CURVE('',#248,(#253,#260),.PCURVE_S1.);
#248 = CIRCLE('',#249,3.985);
#249 = AXIS2_PLACEMENT_3D('',#250,#251,#252);
#250 = CARTESIAN_POINT('',(0.,0.,5.));
#251 = DIRECTION('',(0.,0.,1.));
#252 = DIRECTION('',(1.,0.,-0.));
#253 = PCURVE('',#150,#254);
#254 = DEFINITIONAL_REPRESENTATION('',(#255),#259);
#255 = LINE('',#256,#257);
#256 = CARTESIAN_POINT('',(0.,1.570796326795));
#257 = VECTOR('',#258,1.);
#258 = DIRECTION('',(1.,0.));
#259 = ( GEOMETRIC_REPRESENTATION_CONTEXT(2) 
PARAMETRIC_REPRESENTATION_CONTEXT() REPRESENTATION_CONTEXT('2D SPACE',''
  ) );
#260 = PCURVE('',#261,#266);
#261 = PLANE('',#262);
#262 = AXIS2_PLACEMENT_3D('',#263,#264,#265);
#263 = CARTESIAN_POINT('',(0.,0.,5.));
#264 = DIRECTION('',(0.,0.,1.));
#265 = DIRECTION('',(1.,0.,-0.));
#266 = DEFINITIONAL_REPRESENTATION('',(#267),#271);
#267 = CIRCLE('',#268,3.985);
#268 = AXIS2_PLACEMENT_2D('',#269,#270);
#269 = CARTESIAN_POINT('',(0.,0.));
#270 = DIRECTION('',(1.,-0.));
#271 = ( GEOMETRIC_REPRESENTATION_CONTEXT(2) 
PARAMETRIC_REPRESENTATION_CONTEXT() REPRESENTATION_CONTEXT('2D SPACE',''
  ) );
#272 = ORIENTED_EDGE('',*,*,#222,.F.);
#273 = ADVANCED_FACE('',(#274),#205,.F.);
#274 = FACE_BOUND('',#275,.T.);
#275 = EDGE_LOOP('',(#276));
#276 = ORIENTED_EDGE('',*,*,#190,.F.);
#277 = ADVANCED_FACE('',(#278,#281),#261,.T.);
#278 = FACE_BOUND('',#279,.F.);
#279 = EDGE_LOOP('',(#280));
#280 = ORIENTED_EDGE('',*,*,#246,.F.);
#281 = FACE_BOUND('',#282,.F.);
#282 = EDGE_LOOP('',(#283,#313,#341,#369,#397,#425));
#283 = ORIENTED_EDGE('',*,*,#284,.T.);
#284 = EDGE_CURVE('',#285,#287,#289,.T.);
#285 = VERTEX_POINT('',#286);
#286 = CARTESIAN_POINT('',(1.154700538379,-2.,5.));
#287 = VERTEX_POINT('',#288);
#288 = CARTESIAN_POINT('',(2.309401076759,0.,5.));
#289 = SURFACE_CURVE('',#290,(#294,#301),.PCURVE_S1.);
#290 = LINE('',#291,#292);
#291 = CARTESIAN_POINT('',(1.154700538379,-2.,5.));
#292 = VECTOR('',#293,1.);
#293 = DIRECTION('',(0.5,0.866025403784,0.));
#294 = PCURVE('',#261,#295);
#295 = DEFINITIONAL_REPRESENTATION('',(#296),#300);
#296 = LINE('',#297,#298);
#297 = CARTESIAN_POINT('',(1.154700538379,-2.));
#298 = VECTOR('',#299,1.);
#299 = DIRECTION('',(0.5,0.866025403784));
#300 = ( GEOMETRIC_REPRESENTATION_CONTEXT(2) 
PARAMETRIC_REPRESENTATION_CONTEXT() REPRESENTATION_CONTEXT('2D SPACE',''
  ) );
#301 = PCURVE('',#302,#307);
#302 = PLANE('',#303);
#303 = AXIS2_PLACEMENT_3D('',#304,#305,#306);
#304 = CARTESIAN_POINT('',(1.154700538379,-2.,2.5));
#305 = DIRECTION('',(-0.866025403784,0.5,0.));
#306 = DIRECTION('',(0.5,0.866025403784,0.));
#307 = DEFINITIONAL_REPRESENTATION('',(#308),#312);
#308 = LINE('',#309,#310);
#309 = CARTESIAN_POINT('',(0.,-2.5));
#310 = VECTOR('',#311,1.);
#311 = DIRECTION('',(1.,0.));
#312 = ( GEOMETRIC_REPRESENTATION_CONTEXT(2) 
PARAMETRIC_REPRESENTATION_CONTEXT() REPRESENTATION_CONTEXT('2D SPACE',''
  ) );
#313 = ORIENTED_EDGE('',*,*,#314,.T.);
#314 = EDGE_CURVE('',#287,#315,#317,.T.);
#315 = VERTEX_POINT('',#316);
#316 = CARTESIAN_POINT('',(1.154700538379,2.,5.));
#317 = SURFACE_CURVE('',#318,(#322,#329),.PCURVE_S1.);
#318 = LINE('',#319,#320);
#319 = CARTESIAN_POINT('',(2.309401076759,0.,5.));
#320 = VECTOR('',#321,1.);
#321 = DIRECTION('',(-0.5,0.866025403784,0.));
#322 = PCURVE('',#261,#323);
#323 = DEFINITIONAL_REPRESENTATION('',(#324),#328);
#324 = LINE('',#325,#326);
#325 = CARTESIAN_POINT('',(2.309401076759,-0.));
#326 = VECTOR('',#327,1.);
#327 = DIRECTION('',(-0.5,0.866025403784));
#328 = ( GEOMETRIC_REPRESENTATION_CONTEXT(2) 
PARAMETRIC_REPRESENTATION_CONTEXT() REPRESENTATION_CONTEXT('2D SPACE',''
  ) );
#329 = PCURVE('',#330,#335);
#330 = PLANE('',#331);
#331 = AXIS2_PLACEMENT_3D('',#332,#333,#334);
#332 = CARTESIAN_POINT('',(2.309401076759,0.,2.5));
#333 = DIRECTION('',(-0.866025403784,-0.5,-0.));
#334 = DIRECTION('',(-0.5,0.866025403784,0.));
#335 = DEFINITIONAL_REPRESENTATION('',(#336),#340);
#336 = LINE('',#337,#338);
#337 = CARTESIAN_POINT('',(0.,-2.5));
#338 = VECTOR('',#339,1.);
#339 = DIRECTION('',(1.,0.));
#340 = ( GEOMETRIC_REPRESENTATION_CONTEXT(2) 
PARAMETRIC_REPRESENTATION_CONTEXT() REPRESENTATION_CONTEXT('2D SPACE',''
  ) );
#341 = ORIENTED_EDGE('',*,*,#342,.T.);
#342 = EDGE_CURVE('',#315,#343,#345,.T.);
#343 = VERTEX_POINT('',#344);
#344 = CARTESIAN_POINT('',(-1.154700538379,2.,5.));
#345 = SURFACE_CURVE('',#346,(#350,#357),.PCURVE_S1.);
#346 = LINE('',#347,#348);
#347 = CARTESIAN_POINT('',(1.154700538379,2.,5.));
#348 = VECTOR('',#349,1.);
#349 = DIRECTION('',(-1.,9.614813431918E-17,0.));
#350 = PCURVE('',#261,#351);
#351 = DEFINITIONAL_REPRESENTATION('',(#352),#356);
#352 = LINE('',#353,#354);
#353 = CARTESIAN_POINT('',(1.154700538379,2.));
#354 = VECTOR('',#355,1.);
#355 = DIRECTION('',(-1.,9.614813431918E-17));
#356 = ( GEOMETRIC_REPRESENTATION_CONTEXT(2) 
PARAMETRIC_REPRESENTATION_CONTEXT() REPRESENTATION_CONTEXT('2D SPACE',''
  ) );
#357 = PCURVE('',#358,#363);
#358 = PLANE('',#359);
#359 = AXIS2_PLACEMENT_3D('',#360,#361,#362);
#360 = CARTESIAN_POINT('',(1.154700538379,2.,2.5));
#361 = DIRECTION('',(-9.614813431918E-17,-1.,-0.));
#362 = DIRECTION('',(-1.,9.614813431918E-17,0.));
#363 = DEFINITIONAL_REPRESENTATION('',(#364),#368);
#364 = LINE('',#365,#366);
#365 = CARTESIAN_POINT('',(0.,-2.5));
#366 = VECTOR('',#367,1.);
#367 = DIRECTION('',(1.,0.));
#368 = ( GEOMETRIC_REPRESENTATION_CONTEXT(2) 
PARAMETRIC_REPRESENTATION_CONTEXT() REPRESENTATION_CONTEXT('2D SPACE',''
  ) );
#369 = ORIENTED_EDGE('',*,*,#370,.T.);
#370 = EDGE_CURVE('',#343,#371,#373,.T.);
#371 = VERTEX_POINT('',#372);
#372 = CARTESIAN_POINT('',(-2.309401076759,2.8282006366E-16,5.));
#373 = SURFACE_CURVE('',#374,(#378,#385),.PCURVE_S1.);
#374 = LINE('',#375,#376);
#375 = CARTESIAN_POINT('',(-1.154700538379,2.,5.));
#376 = VECTOR('',#377,1.);
#377 = DIRECTION('',(-0.5,-0.866025403784,0.));
#378 = PCURVE('',#261,#379);
#379 = DEFINITIONAL_REPRESENTATION('',(#380),#384);
#380 = LINE('',#381,#382);
#381 = CARTESIAN_POINT('',(-1.154700538379,2.));
#382 = VECTOR('',#383,1.);
#383 = DIRECTION('',(-0.5,-0.866025403784));
#384 = ( GEOMETRIC_REPRESENTATION_CONTEXT(2) 
PARAMETRIC_REPRESENTATION_CONTEXT() REPRESENTATION_CONTEXT('2D SPACE',''
  ) );
#385 = PCURVE('',#386,#391);
#386 = PLANE('',#387);
#387 = AXIS2_PLACEMENT_3D('',#388,#389,#390);
#388 = CARTESIAN_POINT('',(-1.154700538379,2.,2.5));
#389 = DIRECTION('',(0.866025403784,-0.5,0.));
#390 = DIRECTION('',(-0.5,-0.866025403784,0.));
#391 = DEFINITIONAL_REPRESENTATION('',(#392),#396);
#392 = LINE('',#393,#394);
#393 = CARTESIAN_POINT('',(0.,-2.5));
#394 = VECTOR('',#395,1.);
#395 = DIRECTION('',(1.,0.));
#396 = ( GEOMETRIC_REPRESENTATION_CONTEXT(2) 
PARAMETRIC_REPRESENTATION_CONTEXT() REPRESENTATION_CONTEXT('2D SPACE',''
  ) );
#397 = ORIENTED_EDGE('',*,*,#398,.T.);
#398 = EDGE_CURVE('',#371,#399,#401,.T.);
#399 = VERTEX_POINT('',#400);
#400 = CARTESIAN_POINT('',(-1.154700538379,-2.,5.));
#401 = SURFACE_CURVE('',#402,(#406,#413),.PCURVE_S1.);
#402 = LINE('',#403,#404);
#403 = CARTESIAN_POINT('',(-2.309401076759,2.8282006366E-16,5.));
#404 = VECTOR('',#405,1.);
#405 = DIRECTION('',(0.5,-0.866025403784,0.));
#406 = PCURVE('',#261,#407);
#407 = DEFINITIONAL_REPRESENTATION('',(#408),#412);
#408 = LINE('',#409,#410);
#409 = CARTESIAN_POINT('',(-2.309401076759,2.8282006366E-16));
#410 = VECTOR('',#411,1.);
#411 = DIRECTION('',(0.5,-0.866025403784));
#412 = ( GEOMETRIC_REPRESENTATION_CONTEXT(2) 
PARAMETRIC_REPRESENTATION_CONTEXT() REPRESENTATION_CONTEXT('2D SPACE',''
  ) );
#413 = PCURVE('',#414,#419);
#414 = PLANE('',#415);
#415 = AXIS2_PLACEMENT_3D('',#416,#417,#418);
#416 = CARTESIAN_POINT('',(-2.309401076759,2.8282006366E-16,2.5));
#417 = DIRECTION('',(0.866025403784,0.5,0.));
#418 = DIRECTION('',(0.5,-0.866025403784,0.));
#419 = DEFINITIONAL_REPRESENTATION('',(#420),#424);
#420 = LINE('',#421,#422);
#421 = CARTESIAN_POINT('',(0.,-2.5));
#422 = VECTOR('',#423,1.);
#423 = DIRECTION('',(1.,0.));
#424 = ( GEOMETRIC_REPRESENTATION_CONTEXT(2) 
PARAMETRIC_REPRESENTATION_CONTEXT() REPRESENTATION_CONTEXT('2D SPACE',''
  ) );
#425 = ORIENTED_EDGE('',*,*,#426,.T.);
#426 = EDGE_CURVE('',#399,#285,#427,.T.);
#427 = SURFACE_CURVE('',#428,(#432,#439),.PCURVE_S1.);
#428 = LINE('',#429,#430);
#429 = CARTESIAN_POINT('',(-1.154700538379,-2.,5.));
#430 = VECTOR('',#431,1.);
#431 = DIRECTION('',(1.,-1.922962686384E-16,0.));
#432 = PCURVE('',#261,#433);
#433 = DEFINITIONAL_REPRESENTATION('',(#434),#438);
#434 = LINE('',#435,#436);
#435 = CARTESIAN_POINT('',(-1.154700538379,-2.));
#436 = VECTOR('',#437,1.);
#437 = DIRECTION('',(1.,-1.922962686384E-16));
#438 = ( GEOMETRIC_REPRESENTATION_CONTEXT(2) 
PARAMETRIC_REPRESENTATION_CONTEXT() REPRESENTATION_CONTEXT('2D SPACE',''
  ) );
#439 = PCURVE('',#440,#445);
#440 = PLANE('',#441);
#441 = AXIS2_PLACEMENT_3D('',#442,#443,#444);
#442 = CARTESIAN_POINT('',(-1.154700538379,-2.,2.5));
#443 = DIRECTION('',(1.922962686384E-16,1.,0.));
#444 = DIRECTION('',(1.,-1.922962686384E-16,0.));
#445 = DEFINITIONAL_REPRESENTATION('',(#446),#450);
#446 = LINE('',#447,#448);
#447 = CARTESIAN_POINT('',(0.,-2.5));
#448 = VECTOR('',#449,1.);
#449 = DIRECTION('',(1.,0.));
#450 = ( GEOMETRIC_REPRESENTATION_CONTEXT(2) 
PARAMETRIC_REPRESENTATION_CONTEXT() REPRESENTATION_CONTEXT('2D SPACE',''
  ) );
#451 = ADVANCED_FACE('',(#452),#302,.T.);
#452 = FACE_BOUND('',#453,.T.);
#453 = EDGE_LOOP('',(#454,#455,#475,#503));
#454 = ORIENTED_EDGE('',*,*,#284,.T.);
#455 = ORIENTED_EDGE('',*,*,#456,.T.);
#456 = EDGE_CURVE('',#287,#457,#459,.T.);
#457 = VERTEX_POINT('',#458);
#458 = CARTESIAN_POINT('',(2.309401076759,0.,2.5));
#459 = SURFACE_CURVE('',#460,(#463,#469),.PCURVE_S1.);
#460 = B_SPLINE_CURVE_WITH_KNOTS('',1,(#461,#462),.UNSPECIFIED.,.F.,.F.,
  (2,2),(0.,1.),.PIECEWISE_BEZIER_KNOTS.);
#461 = CARTESIAN_POINT('',(2.309401076759,0.,5.));
#462 = CARTESIAN_POINT('',(2.309401076759,0.,2.5));
#463 = PCURVE('',#302,#464);
#464 = DEFINITIONAL_REPRESENTATION('',(#465),#468);
#465 = B_SPLINE_CURVE_WITH_KNOTS('',1,(#466,#467),.UNSPECIFIED.,.F.,.F.,
  (2,2),(0.,1.),.PIECEWISE_BEZIER_KNOTS.);
#466 = CARTESIAN_POINT('',(2.309401076759,-2.5));
#467 = CARTESIAN_POINT('',(2.309401076759,0.));
#468 = ( GEOMETRIC_REPRESENTATION_CONTEXT(2) 
PARAMETRIC_REPRESENTATION_CONTEXT() REPRESENTATION_CONTEXT('2D SPACE',''
  ) );
#469 = PCURVE('',#330,#470);
#470 = DEFINITIONAL_REPRESENTATION('',(#471),#474);
#471 = B_SPLINE_CURVE_WITH_KNOTS('',1,(#472,#473),.UNSPECIFIED.,.F.,.F.,
  (2,2),(0.,1.),.PIECEWISE_BEZIER_KNOTS.);
#472 = CARTESIAN_POINT('',(0.,-2.5));
#473 = CARTESIAN_POINT('',(0.,0.));
#474 = ( GEOMETRIC_REPRESENTATION_CONTEXT(2) 
PARAMETRIC_REPRESENTATION_CONTEXT() REPRESENTATION_CONTEXT('2D SPACE',''
  ) );
#475 = ORIENTED_EDGE('',*,*,#476,.F.);
#476 = EDGE_CURVE('',#477,#457,#479,.T.);
#477 = VERTEX_POINT('',#478);
#478 = CARTESIAN_POINT('',(1.154700538379,-2.,2.5));
#479 = SURFACE_CURVE('',#480,(#484,#491),.PCURVE_S1.);
#480 = LINE('',#481,#482);
#481 = CARTESIAN_POINT('',(1.154700538379,-2.,2.5));
#482 = VECTOR('',#483,1.);
#483 = DIRECTION('',(0.5,0.866025403784,0.));
#484 = PCURVE('',#302,#485);
#485 = DEFINITIONAL_REPRESENTATION('',(#486),#490);
#486 = LINE('',#487,#488);
#487 = CARTESIAN_POINT('',(0.,0.));
#488 = VECTOR('',#489,1.);
#489 = DIRECTION('',(1.,0.));
#490 = ( GEOMETRIC_REPRESENTATION_CONTEXT(2) 
PARAMETRIC_REPRESENTATION_CONTEXT() REPRESENTATION_CONTEXT('2D SPACE',''
  ) );
#491 = PCURVE('',#492,#497);
#492 = PLANE('',#493);
#493 = AXIS2_PLACEMENT_3D('',#494,#495,#496);
#494 = CARTESIAN_POINT('',(2.309401076759,0.,2.5));
#495 = DIRECTION('',(0.,0.,-1.));
#496 = DIRECTION('',(-1.,5.017542110903E-17,0.));
#497 = DEFINITIONAL_REPRESENTATION('',(#498),#502);
#498 = LINE('',#499,#500);
#499 = CARTESIAN_POINT('',(1.154700538379,-2.));
#500 = VECTOR('',#501,1.);
#501 = DIRECTION('',(-0.5,0.866025403784));
#502 = ( GEOMETRIC_REPRESENTATION_CONTEXT(2) 
PARAMETRIC_REPRESENTATION_CONTEXT() REPRESENTATION_CONTEXT('2D SPACE',''
  ) );
#503 = ORIENTED_EDGE('',*,*,#504,.F.);
#504 = EDGE_CURVE('',#285,#477,#505,.T.);
#505 = SURFACE_CURVE('',#506,(#509,#515),.PCURVE_S1.);
#506 = B_SPLINE_CURVE_WITH_KNOTS('',1,(#507,#508),.UNSPECIFIED.,.F.,.F.,
  (2,2),(0.,1.),.PIECEWISE_BEZIER_KNOTS.);
#507 = CARTESIAN_POINT('',(1.154700538379,-2.,5.));
#508 = CARTESIAN_POINT('',(1.154700538379,-2.,2.5));
#509 = PCURVE('',#302,#510);
#510 = DEFINITIONAL_REPRESENTATION('',(#511),#514);
#511 = B_SPLINE_CURVE_WITH_KNOTS('',1,(#512,#513),.UNSPECIFIED.,.F.,.F.,
  (2,2),(0.,1.),.PIECEWISE_BEZIER_KNOTS.);
#512 = CARTESIAN_POINT('',(0.,-2.5));
#513 = CARTESIAN_POINT('',(0.,0.));
#514 = ( GEOMETRIC_REPRESENTATION_CONTEXT(2) 
PARAMETRIC_REPRESENTATION_CONTEXT() REPRESENTATION_CONTEXT('2D SPACE',''
  ) );
#515 = PCURVE('',#440,#516);
#516 = DEFINITIONAL_REPRESENTATION('',(#517),#520);
#517 = B_SPLINE_CURVE_WITH_KNOTS('',1,(#518,#519),.UNSPECIFIED.,.F.,.F.,
  (2,2),(0.,1.),.PIECEWISE_BEZIER_KNOTS.);
#518 = CARTESIAN_POINT('',(2.309401076759,-2.5));
#519 = CARTESIAN_POINT('',(2.309401076759,0.));
#520 = ( GEOMETRIC_REPRESENTATION_CONTEXT(2) 
PARAMETRIC_REPRESENTATION_CONTEXT() REPRESENTATION_CONTEXT('2D SPACE',''
  ) );
#521 = ADVANCED_FACE('',(#522),#440,.T.);
#522 = FACE_BOUND('',#523,.T.);
#523 = EDGE_LOOP('',(#524,#525,#526,#549));
#524 = ORIENTED_EDGE('',*,*,#426,.T.);
#525 = ORIENTED_EDGE('',*,*,#504,.T.);
#526 = ORIENTED_EDGE('',*,*,#527,.F.);
#527 = EDGE_CURVE('',#528,#477,#530,.T.);
#528 = VERTEX_POINT('',#529);
#529 = CARTESIAN_POINT('',(-1.154700538379,-2.,2.5));
#530 = SURFACE_CURVE('',#531,(#535,#542),.PCURVE_S1.);
#531 = LINE('',#532,#533);
#532 = CARTESIAN_POINT('',(-1.154700538379,-2.,2.5));
#533 = VECTOR('',#534,1.);
#534 = DIRECTION('',(1.,-1.922962686384E-16,0.));
#535 = PCURVE('',#440,#536);
#536 = DEFINITIONAL_REPRESENTATION('',(#537),#541);
#537 = LINE('',#538,#539);
#538 = CARTESIAN_POINT('',(0.,0.));
#539 = VECTOR('',#540,1.);
#540 = DIRECTION('',(1.,0.));
#541 = ( GEOMETRIC_REPRESENTATION_CONTEXT(2) 
PARAMETRIC_REPRESENTATION_CONTEXT() REPRESENTATION_CONTEXT('2D SPACE',''
  ) );
#542 = PCURVE('',#492,#543);
#543 = DEFINITIONAL_REPRESENTATION('',(#544),#548);
#544 = LINE('',#545,#546);
#545 = CARTESIAN_POINT('',(3.464101615138,-2.));
#546 = VECTOR('',#547,1.);
#547 = DIRECTION('',(-1.,-1.421208475293E-16));
#548 = ( GEOMETRIC_REPRESENTATION_CONTEXT(2) 
PARAMETRIC_REPRESENTATION_CONTEXT() REPRESENTATION_CONTEXT('2D SPACE',''
  ) );
#549 = ORIENTED_EDGE('',*,*,#550,.F.);
#550 = EDGE_CURVE('',#399,#528,#551,.T.);
#551 = SURFACE_CURVE('',#552,(#555,#561),.PCURVE_S1.);
#552 = B_SPLINE_CURVE_WITH_KNOTS('',1,(#553,#554),.UNSPECIFIED.,.F.,.F.,
  (2,2),(0.,1.),.PIECEWISE_BEZIER_KNOTS.);
#553 = CARTESIAN_POINT('',(-1.154700538379,-2.,5.));
#554 = CARTESIAN_POINT('',(-1.154700538379,-2.,2.5));
#555 = PCURVE('',#440,#556);
#556 = DEFINITIONAL_REPRESENTATION('',(#557),#560);
#557 = B_SPLINE_CURVE_WITH_KNOTS('',1,(#558,#559),.UNSPECIFIED.,.F.,.F.,
  (2,2),(0.,1.),.PIECEWISE_BEZIER_KNOTS.);
#558 = CARTESIAN_POINT('',(0.,-2.5));
#559 = CARTESIAN_POINT('',(0.,0.));
#560 = ( GEOMETRIC_REPRESENTATION_CONTEXT(2) 
PARAMETRIC_REPRESENTATION_CONTEXT() REPRESENTATION_CONTEXT('2D SPACE',''
  ) );
#561 = PCURVE('',#414,#562);
#562 = DEFINITIONAL_REPRESENTATION('',(#563),#566);
#563 = B_SPLINE_CURVE_WITH_KNOTS('',1,(#564,#565),.UNSPECIFIED.,.F.,.F.,
  (2,2),(0.,1.),.PIECEWISE_BEZIER_KNOTS.);
#564 = CARTESIAN_POINT('',(2.309401076759,-2.5));
#565 = CARTESIAN_POINT('',(2.309401076759,0.));
#566 = ( GEOMETRIC_REPRESENTATION_CONTEXT(2) 
PARAMETRIC_REPRESENTATION_CONTEXT() REPRESENTATION_CONTEXT('2D SPACE',''
  ) );
#567 = ADVANCED_FACE('',(#568),#414,.T.);
#568 = FACE_BOUND('',#569,.T.);
#569 = EDGE_LOOP('',(#570,#571,#572,#595));
#570 = ORIENTED_EDGE('',*,*,#398,.T.);
#571 = ORIENTED_EDGE('',*,*,#550,.T.);
#572 = ORIENTED_EDGE('',*,*,#573,.F.);
#573 = EDGE_CURVE('',#574,#528,#576,.T.);
#574 = VERTEX_POINT('',#575);
#575 = CARTESIAN_POINT('',(-2.309401076759,2.8282006366E-16,2.5));
#576 = SURFACE_CURVE('',#577,(#581,#588),.PCURVE_S1.);
#577 = LINE('',#578,#579);
#578 = CARTESIAN_POINT('',(-2.309401076759,2.8282006366E-16,2.5));
#579 = VECTOR('',#580,1.);
#580 = DIRECTION('',(0.5,-0.866025403784,0.));
#581 = PCURVE('',#414,#582);
#582 = DEFINITIONAL_REPRESENTATION('',(#583),#587);
#583 = LINE('',#584,#585);
#584 = CARTESIAN_POINT('',(0.,0.));
#585 = VECTOR('',#586,1.);
#586 = DIRECTION('',(1.,0.));
#587 = ( GEOMETRIC_REPRESENTATION_CONTEXT(2) 
PARAMETRIC_REPRESENTATION_CONTEXT() REPRESENTATION_CONTEXT('2D SPACE',''
  ) );
#588 = PCURVE('',#492,#589);
#589 = DEFINITIONAL_REPRESENTATION('',(#590),#594);
#590 = LINE('',#591,#592);
#591 = CARTESIAN_POINT('',(4.618802153517,5.106972058794E-17));
#592 = VECTOR('',#593,1.);
#593 = DIRECTION('',(-0.5,-0.866025403784));
#594 = ( GEOMETRIC_REPRESENTATION_CONTEXT(2) 
PARAMETRIC_REPRESENTATION_CONTEXT() REPRESENTATION_CONTEXT('2D SPACE',''
  ) );
#595 = ORIENTED_EDGE('',*,*,#596,.F.);
#596 = EDGE_CURVE('',#371,#574,#597,.T.);
#597 = SURFACE_CURVE('',#598,(#601,#607),.PCURVE_S1.);
#598 = B_SPLINE_CURVE_WITH_KNOTS('',1,(#599,#600),.UNSPECIFIED.,.F.,.F.,
  (2,2),(0.,1.),.PIECEWISE_BEZIER_KNOTS.);
#599 = CARTESIAN_POINT('',(-2.309401076759,2.8282006366E-16,5.));
#600 = CARTESIAN_POINT('',(-2.309401076759,2.8282006366E-16,2.5));
#601 = PCURVE('',#414,#602);
#602 = DEFINITIONAL_REPRESENTATION('',(#603),#606);
#603 = B_SPLINE_CURVE_WITH_KNOTS('',1,(#604,#605),.UNSPECIFIED.,.F.,.F.,
  (2,2),(0.,1.),.PIECEWISE_BEZIER_KNOTS.);
#604 = CARTESIAN_POINT('',(0.,-2.5));
#605 = CARTESIAN_POINT('',(0.,0.));
#606 = ( GEOMETRIC_REPRESENTATION_CONTEXT(2) 
PARAMETRIC_REPRESENTATION_CONTEXT() REPRESENTATION_CONTEXT('2D SPACE',''
  ) );
#607 = PCURVE('',#386,#608);
#608 = DEFINITIONAL_REPRESENTATION('',(#609),#612);
#609 = B_SPLINE_CURVE_WITH_KNOTS('',1,(#610,#611),.UNSPECIFIED.,.F.,.F.,
  (2,2),(0.,1.),.PIECEWISE_BEZIER_KNOTS.);
#610 = CARTESIAN_POINT('',(2.309401076759,-2.5));
#611 = CARTESIAN_POINT('',(2.309401076759,0.));
#612 = ( GEOMETRIC_REPRESENTATION_CONTEXT(2) 
PARAMETRIC_REPRESENTATION_CONTEXT() REPRESENTATION_CONTEXT('2D SPACE',''
  ) );
#613 = ADVANCED_FACE('',(#614),#386,.T.);
#614 = FACE_BOUND('',#615,.T.);
#615 = EDGE_LOOP('',(#616,#617,#618,#641));
#616 = ORIENTED_EDGE('',*,*,#370,.T.);
#617 = ORIENTED_EDGE('',*,*,#596,.T.);
#618 = ORIENTED_EDGE('',*,*,#619,.F.);
#619 = EDGE_CURVE('',#620,#574,#622,.T.);
#620 = VERTEX_POINT('',#621);
#621 = CARTESIAN_POINT('',(-1.154700538379,2.,2.5));
#622 = SURFACE_CURVE('',#623,(#627,#634),.PCURVE_S1.);
#623 = LINE('',#624,#625);
#624 = CARTESIAN_POINT('',(-1.154700538379,2.,2.5));
#625 = VECTOR('',#626,1.);
#626 = DIRECTION('',(-0.5,-0.866025403784,0.));
#627 = PCURVE('',#386,#628);
#628 = DEFINITIONAL_REPRESENTATION('',(#629),#633);
#629 = LINE('',#630,#631);
#630 = CARTESIAN_POINT('',(0.,0.));
#631 = VECTOR('',#632,1.);
#632 = DIRECTION('',(1.,0.));
#633 = ( GEOMETRIC_REPRESENTATION_CONTEXT(2) 
PARAMETRIC_REPRESENTATION_CONTEXT() REPRESENTATION_CONTEXT('2D SPACE',''
  ) );
#634 = PCURVE('',#492,#635);
#635 = DEFINITIONAL_REPRESENTATION('',(#636),#640);
#636 = LINE('',#637,#638);
#637 = CARTESIAN_POINT('',(3.464101615138,2.));
#638 = VECTOR('',#639,1.);
#639 = DIRECTION('',(0.5,-0.866025403784));
#640 = ( GEOMETRIC_REPRESENTATION_CONTEXT(2) 
PARAMETRIC_REPRESENTATION_CONTEXT() REPRESENTATION_CONTEXT('2D SPACE',''
  ) );
#641 = ORIENTED_EDGE('',*,*,#642,.F.);
#642 = EDGE_CURVE('',#343,#620,#643,.T.);
#643 = SURFACE_CURVE('',#644,(#647,#653),.PCURVE_S1.);
#644 = B_SPLINE_CURVE_WITH_KNOTS('',1,(#645,#646),.UNSPECIFIED.,.F.,.F.,
  (2,2),(0.,1.),.PIECEWISE_BEZIER_KNOTS.);
#645 = CARTESIAN_POINT('',(-1.154700538379,2.,5.));
#646 = CARTESIAN_POINT('',(-1.154700538379,2.,2.5));
#647 = PCURVE('',#386,#648);
#648 = DEFINITIONAL_REPRESENTATION('',(#649),#652);
#649 = B_SPLINE_CURVE_WITH_KNOTS('',1,(#650,#651),.UNSPECIFIED.,.F.,.F.,
  (2,2),(0.,1.),.PIECEWISE_BEZIER_KNOTS.);
#650 = CARTESIAN_POINT('',(0.,-2.5));
#651 = CARTESIAN_POINT('',(0.,0.));
#652 = ( GEOMETRIC_REPRESENTATION_CONTEXT(2) 
PARAMETRIC_REPRESENTATION_CONTEXT() REPRESENTATION_CONTEXT('2D SPACE',''
  ) );
#653 = PCURVE('',#358,#654);
#654 = DEFINITIONAL_REPRESENTATION('',(#655),#658);
#655 = B_SPLINE_CURVE_WITH_KNOTS('',1,(#656,#657),.UNSPECIFIED.,.F.,.F.,
  (2,2),(0.,1.),.PIECEWISE_BEZIER_KNOTS.);
#656 = CARTESIAN_POINT('',(2.309401076759,-2.5));
#657 = CARTESIAN_POINT('',(2.309401076759,0.));
#658 = ( GEOMETRIC_REPRESENTATION_CONTEXT(2) 
PARAMETRIC_REPRESENTATION_CONTEXT() REPRESENTATION_CONTEXT('2D SPACE',''
  ) );
#659 = ADVANCED_FACE('',(#660),#358,.T.);
#660 = FACE_BOUND('',#661,.T.);
#661 = EDGE_LOOP('',(#662,#663,#664,#687));
#662 = ORIENTED_EDGE('',*,*,#342,.T.);
#663 = ORIENTED_EDGE('',*,*,#642,.T.);
#664 = ORIENTED_EDGE('',*,*,#665,.F.);
#665 = EDGE_CURVE('',#666,#620,#668,.T.);
#666 = VERTEX_POINT('',#667);
#667 = CARTESIAN_POINT('',(1.154700538379,2.,2.5));
#668 = SURFACE_CURVE('',#669,(#673,#680),.PCURVE_S1.);
#669 = LINE('',#670,#671);
#670 = CARTESIAN_POINT('',(1.154700538379,2.,2.5));
#671 = VECTOR('',#672,1.);
#672 = DIRECTION('',(-1.,9.614813431918E-17,0.));
#673 = PCURVE('',#358,#674);
#674 = DEFINITIONAL_REPRESENTATION('',(#675),#679);
#675 = LINE('',#676,#677);
#676 = CARTESIAN_POINT('',(0.,0.));
#677 = VECTOR('',#678,1.);
#678 = DIRECTION('',(1.,0.));
#679 = ( GEOMETRIC_REPRESENTATION_CONTEXT(2) 
PARAMETRIC_REPRESENTATION_CONTEXT() REPRESENTATION_CONTEXT('2D SPACE',''
  ) );
#680 = PCURVE('',#492,#681);
#681 = DEFINITIONAL_REPRESENTATION('',(#682),#686);
#682 = LINE('',#683,#684);
#683 = CARTESIAN_POINT('',(1.154700538379,2.));
#684 = VECTOR('',#685,1.);
#685 = DIRECTION('',(1.,4.597271321014E-17));
#686 = ( GEOMETRIC_REPRESENTATION_CONTEXT(2) 
PARAMETRIC_REPRESENTATION_CONTEXT() REPRESENTATION_CONTEXT('2D SPACE',''
  ) );
#687 = ORIENTED_EDGE('',*,*,#688,.F.);
#688 = EDGE_CURVE('',#315,#666,#689,.T.);
#689 = SURFACE_CURVE('',#690,(#693,#699),.PCURVE_S1.);
#690 = B_SPLINE_CURVE_WITH_KNOTS('',1,(#691,#692),.UNSPECIFIED.,.F.,.F.,
  (2,2),(0.,1.),.PIECEWISE_BEZIER_KNOTS.);
#691 = CARTESIAN_POINT('',(1.154700538379,2.,5.));
#692 = CARTESIAN_POINT('',(1.154700538379,2.,2.5));
#693 = PCURVE('',#358,#694);
#694 = DEFINITIONAL_REPRESENTATION('',(#695),#698);
#695 = B_SPLINE_CURVE_WITH_KNOTS('',1,(#696,#697),.UNSPECIFIED.,.F.,.F.,
  (2,2),(0.,1.),.PIECEWISE_BEZIER_KNOTS.);
#696 = CARTESIAN_POINT('',(0.,-2.5));
#697 = CARTESIAN_POINT('',(0.,0.));
#698 = ( GEOMETRIC_REPRESENTATION_CONTEXT(2) 
PARAMETRIC_REPRESENTATION_CONTEXT() REPRESENTATION_CONTEXT('2D SPACE',''
  ) );
#699 = PCURVE('',#330,#700);
#700 = DEFINITIONAL_REPRESENTATION('',(#701),#704);
#701 = B_SPLINE_CURVE_WITH_KNOTS('',1,(#702,#703),.UNSPECIFIED.,.F.,.F.,
  (2,2),(0.,1.),.PIECEWISE_BEZIER_KNOTS.);
#702 = CARTESIAN_POINT('',(2.309401076759,-2.5));
#703 = CARTESIAN_POINT('',(2.309401076759,0.));
#704 = ( GEOMETRIC_REPRESENTATION_CONTEXT(2) 
PARAMETRIC_REPRESENTATION_CONTEXT() REPRESENTATION_CONTEXT('2D SPACE',''
  ) );
#705 = ADVANCED_FACE('',(#706),#330,.T.);
#706 = FACE_BOUND('',#707,.T.);
#707 = EDGE_LOOP('',(#708,#709,#710,#731));
#708 = ORIENTED_EDGE('',*,*,#314,.T.);
#709 = ORIENTED_EDGE('',*,*,#688,.T.);
#710 = ORIENTED_EDGE('',*,*,#711,.F.);
#711 = EDGE_CURVE('',#457,#666,#712,.T.);
#712 = SURFACE_CURVE('',#713,(#717,#724),.PCURVE_S1.);
#713 = LINE('',#714,#715);
#714 = CARTESIAN_POINT('',(2.309401076759,0.,2.5));
#715 = VECTOR('',#716,1.);
#716 = DIRECTION('',(-0.5,0.866025403784,0.));
#717 = PCURVE('',#330,#718);
#718 = DEFINITIONAL_REPRESENTATION('',(#719),#723);
#719 = LINE('',#720,#721);
#720 = CARTESIAN_POINT('',(0.,0.));
#721 = VECTOR('',#722,1.);
#722 = DIRECTION('',(1.,0.));
#723 = ( GEOMETRIC_REPRESENTATION_CONTEXT(2) 
PARAMETRIC_REPRESENTATION_CONTEXT() REPRESENTATION_CONTEXT('2D SPACE',''
  ) );
#724 = PCURVE('',#492,#725);
#725 = DEFINITIONAL_REPRESENTATION('',(#726),#730);
#726 = LINE('',#727,#728);
#727 = CARTESIAN_POINT('',(0.,0.));
#728 = VECTOR('',#729,1.);
#729 = DIRECTION('',(0.5,0.866025403784));
#730 = ( GEOMETRIC_REPRESENTATION_CONTEXT(2) 
PARAMETRIC_REPRESENTATION_CONTEXT() REPRESENTATION_CONTEXT('2D SPACE',''
  ) );
#731 = ORIENTED_EDGE('',*,*,#456,.F.);
#732 = ADVANCED_FACE('',(#733),#492,.F.);
#733 = FACE_BOUND('',#734,.T.);
#734 = EDGE_LOOP('',(#735,#736,#737,#738,#739,#740));
#735 = ORIENTED_EDGE('',*,*,#711,.T.);
#736 = ORIENTED_EDGE('',*,*,#665,.T.);
#737 = ORIENTED_EDGE('',*,*,#619,.T.);
#738 = ORIENTED_EDGE('',*,*,#573,.T.);
#739 = ORIENTED_EDGE('',*,*,#527,.T.);
#740 = ORIENTED_EDGE('',*,*,#476,.T.);
#741 = ( GEOMETRIC_REPRESENTATION_CONTEXT(3) 
GLOBAL_UNCERTAINTY_ASSIGNED_CONTEXT((#745)) GLOBAL_UNIT_ASSIGNED_CONTEXT
((#742,#743,#744)) REPRESENTATION_CONTEXT('Context #1',
  '3D Context with UNIT and UNCERTAINTY') );
#742 = ( LENGTH_UNIT() NAMED_UNIT(*) SI_UNIT(.MILLI.,.METRE.) );
#743 = ( NAMED_UNIT(*) PLANE_ANGLE_UNIT() SI_UNIT($,.RADIAN.) );
#744 = ( NAMED_UNIT(*) SI_UNIT($,.STERADIAN.) SOLID_ANGLE_UNIT() );
#745 = UNCERTAINTY_MEASURE_WITH_UNIT(LENGTH_MEASURE(1.E-07),#742,
  'distance_accuracy_value','confusion accuracy');
#746 = CONTEXT_DEPENDENT_SHAPE_REPRESENTATION(#747,#749);
#747 = ( REPRESENTATION_RELATIONSHIP('','',#36,#10) 
REPRESENTATION_RELATIONSHIP_WITH_TRANSFORMATION(#748) 
SHAPE_REPRESENTATION_RELATIONSHIP() );
#748 = ITEM_DEFINED_TRANSFORMATION('','',#11,#15);
#749 = PRODUCT_DEFINITION_SHAPE('Placement','Placement of an item',#750
  );
#750 = NEXT_ASSEMBLY_USAGE_OCCURRENCE('1','=>[0:1:1:2]','',#5,#31,$);
#751 = PRODUCT_RELATED_PRODUCT_CATEGORY('part',$,(#33));
#752 = SHAPE_DEFINITION_REPRESENTATION(#753,#759);
#753 = PRODUCT_DEFINITION_SHAPE('','',#754);
#754 = PRODUCT_DEFINITION('design','',#755,#758);
#755 = PRODUCT_DEFINITION_FORMATION('','',#756);
#756 = PRODUCT('thread','thread','',(#757));
#757 = PRODUCT_CONTEXT('',#2,'mechanical');
#758 = PRODUCT_DEFINITION_CONTEXT('part definition',#2,'design');
#759 = SHAPE_REPRESENTATION('',(#11,#760,#764,#768,#772,#776,#780,#784,
    #788,#792,#796,#800,#804,#808,#812,#816,#820),#824);
#760 = AXIS2_PLACEMENT_3D('',#761,#762,#763);
#761 = CARTESIAN_POINT('',(0.,0.,0.4));
#762 = DIRECTION('',(0.,0.,1.));
#763 = DIRECTION('',(1.,0.,-0.));
#764 = AXIS2_PLACEMENT_3D('',#765,#766,#767);
#765 = CARTESIAN_POINT('',(-8.881784197001E-16,-2.490787096353E-11,
    1.200000000394));
#766 = DIRECTION('',(1.907617385971E-10,3.02805806219E-15,1.));
#767 = DIRECTION('',(1.,1.205007260428E-11,-1.907617385971E-10));
#768 = AXIS2_PLACEMENT_3D('',#769,#770,#771);
#769 = CARTESIAN_POINT('',(1.526077042513E-10,-4.981332291732E-11,
    2.000000000789));
#770 = DIRECTION('',(3.815234771942E-10,6.061577042215E-15,1.));
#771 = DIRECTION('',(1.,2.410014520855E-11,-3.815234771942E-10));
#772 = AXIS2_PLACEMENT_3D('',#773,#774,#775);
#773 = CARTESIAN_POINT('',(4.578257772891E-10,-7.471634921459E-11,
    2.800000001183));
#774 = DIRECTION('',(5.722852157913E-10,9.088161725721E-15,1.));
#775 = DIRECTION('',(1.,3.615021781282E-11,-5.722852157913E-10));
#776 = AXIS2_PLACEMENT_3D('',#777,#778,#779);
#777 = CARTESIAN_POINT('',(9.156528868459E-10,-9.961695531605E-11,
    3.600000001577));
#778 = DIRECTION('',(7.630469543884E-10,1.211476413378E-14,1.));
#779 = DIRECTION('',(1.,4.82002904171E-11,-7.630469543884E-10));
#780 = AXIS2_PLACEMENT_3D('',#781,#782,#783);
#781 = CARTESIAN_POINT('',(1.526089477011E-09,-1.245151413121E-10,
    4.400000001972));
#782 = DIRECTION('',(9.538086929855E-10,1.514829690596E-14,1.));
#783 = DIRECTION('',(1.,6.025036302137E-11,-9.538086929855E-10));
#784 = AXIS2_PLACEMENT_3D('',#785,#786,#787);
#785 = CARTESIAN_POINT('',(2.289135547784E-09,-1.494109072027E-10,
    5.200000002366));
#786 = DIRECTION('',(1.144570431583E-09,1.817489538163E-14,1.));
#787 = DIRECTION('',(1.,7.230043562564E-11,-1.144570431583E-09));
#788 = AXIS2_PLACEMENT_3D('',#789,#790,#791);
#789 = CARTESIAN_POINT('',(3.204791099165E-09,-1.743042528976E-10,
    6.00000000276));
#790 = DIRECTION('',(1.33533217018E-09,2.120151158184E-14,1.));
#791 = DIRECTION('',(1.,8.435050822991E-11,-1.33533217018E-09));
#792 = AXIS2_PLACEMENT_3D('',#793,#794,#795);
#793 = CARTESIAN_POINT('',(4.273056131154E-09,-1.99195178487E-10,
    6.800000003154));
#794 = DIRECTION('',(1.526093908777E-09,2.423505814618E-14,1.));
#795 = DIRECTION('',(1.,9.640058083418E-11,-1.526093908777E-09));
#796 = AXIS2_PLACEMENT_3D('',#797,#798,#799);
#797 = CARTESIAN_POINT('',(5.493930199663E-09,-2.240836784199E-10,
    7.600000003549));
#798 = DIRECTION('',(1.716855647374E-09,2.7261670414E-14,1.));
#799 = DIRECTION('',(1.,1.084506534385E-10,-1.716855647374E-09));
#800 = AXIS2_PLACEMENT_3D('',#801,#802,#803);
#801 = CARTESIAN_POINT('',(6.867413748779E-09,-2.48969758157E-10,
    8.400000003943));
#802 = DIRECTION('',(1.907617385971E-09,3.028830040638E-14,1.));
#803 = DIRECTION('',(1.,1.205007260427E-10,-1.907617385971E-09));
#804 = AXIS2_PLACEMENT_3D('',#805,#806,#807);
#805 = CARTESIAN_POINT('',(8.393506778503E-09,-2.738534177887E-10,
    9.200000004337));
#806 = DIRECTION('',(2.098379124568E-09,3.331492186897E-14,1.));
#807 = DIRECTION('',(1.,1.32550798647E-10,-2.098379124568E-09));
#808 = AXIS2_PLACEMENT_3D('',#809,#810,#811);
#809 = CARTESIAN_POINT('',(1.007220928884E-08,-2.98734657315E-10,
    10.000000004732));
#810 = DIRECTION('',(2.289140863165E-09,3.633462216221E-14,1.));
#811 = DIRECTION('',(1.,1.446008712513E-10,-2.289140863165E-09));
#812 = AXIS2_PLACEMENT_3D('',#813,#814,#815);
#813 = CARTESIAN_POINT('',(1.190352127978E-08,-3.236134821966E-10,
    10.800000005126));
#814 = DIRECTION('',(2.479902601762E-09,3.935434018001E-14,1.));
#815 = DIRECTION('',(1.,1.566509438555E-10,-2.479902601762E-09));
#816 = AXIS2_PLACEMENT_3D('',#817,#818,#819);
#817 = CARTESIAN_POINT('',(1.388744230724E-08,-3.484898814216E-10,
    11.60000000552));
#818 = DIRECTION('',(2.670664340359E-09,4.238098856193E-14,1.));
#819 = DIRECTION('',(1.,1.687010164598E-10,-2.670664340359E-09));
#820 = AXIS2_PLACEMENT_3D('',#821,#822,#823);
#821 = CARTESIAN_POINT('',(4.440892098501E-16,5.830727646984E-10,
    0.399999990545));
#822 = DIRECTION('',(-4.574072002728E-09,-3.233761408573E-14,1.));
#823 = DIRECTION('',(1.,-2.820881111304E-10,4.574072002728E-09));
#824 = ( GEOMETRIC_REPRESENTATION_CONTEXT(3) 
GLOBAL_UNCERTAINTY_ASSIGNED_CONTEXT((#828)) GLOBAL_UNIT_ASSIGNED_CONTEXT
((#825,#826,#827)) REPRESENTATION_CONTEXT('Context #1',
  '3D Context with UNIT and UNCERTAINTY') );
#825 = ( LENGTH_UNIT() NAMED_UNIT(*) SI_UNIT(.MILLI.,.METRE.) );
#826 = ( NAMED_UNIT(*) PLANE_ANGLE_UNIT() SI_UNIT($,.RADIAN.) );
#827 = ( NAMED_UNIT(*) SI_UNIT($,.STERADIAN.) SOLID_ANGLE_UNIT() );
#828 = UNCERTAINTY_MEASURE_WITH_UNIT(LENGTH_MEASURE(1.E-07),#825,
  'distance_accuracy_value','confusion accuracy');
#829 = CONTEXT_DEPENDENT_SHAPE_REPRESENTATION(#830,#832);
#830 = ( REPRESENTATION_RELATIONSHIP('','',#759,#10) 
REPRESENTATION_RELATIONSHIP_WITH_TRANSFORMATION(#831) 
SHAPE_REPRESENTATION_RELATIONSHIP() );
#831 = ITEM_DEFINED_TRANSFORMATION('','',#11,#19);
#832 = PRODUCT_DEFINITION_SHAPE('Placement','Placement of an item',#833
  );
#833 = NEXT_ASSEMBLY_USAGE_OCCURRENCE('18','=>[0:1:1:3]','',#5,#754,$);
#834 = PRODUCT_RELATED_PRODUCT_CATEGORY('part',$,(#756));
#835 = SHAPE_DEFINITION_REPRESENTATION(#836,#842);
#836 = PRODUCT_DEFINITION_SHAPE('','',#837);
#837 = PRODUCT_DEFINITION('design','',#838,#841);
#838 = PRODUCT_DEFINITION_FORMATION('','',#839);
#839 = PRODUCT('SOLID','SOLID','',(#840));
#840 = PRODUCT_CONTEXT('',#2,'mechanical');
#841 = PRODUCT_DEFINITION_CONTEXT('part definition',#2,'design');
#842 = ADVANCED_BREP_SHAPE_REPRESENTATION('',(#11,#843),#1461);
#843 = MANIFOLD_SOLID_BREP('',#844);
#844 = CLOSED_SHELL('',(#845,#1031,#1129,#1227,#1325,#1400,#1443,#1452)
  );
#845 = ADVANCED_FACE('',(#846),#859,.T.);
#846 = FACE_BOUND('',#847,.T.);
#847 = EDGE_LOOP('',(#848,#899,#953,#979));
#848 = ORIENTED_EDGE('',*,*,#849,.T.);
#849 = EDGE_CURVE('',#850,#852,#854,.T.);
#850 = VERTEX_POINT('',#851);
#851 = CARTESIAN_POINT('',(1.866987298108,1.844468226937E-02,
    -0.299432452643));
#852 = VERTEX_POINT('',#853);
#853 = CARTESIAN_POINT('',(1.866987298108,-1.844468226922E-02,
    0.299432452643));
#854 = SURFACE_CURVE('',#855,(#858,#888),.PCURVE_S1.);
#855 = B_SPLINE_CURVE_WITH_KNOTS('',1,(#856,#857),.UNSPECIFIED.,.F.,.F.,
  (2,2),(0.,1.),.PIECEWISE_BEZIER_KNOTS.);
#856 = CARTESIAN_POINT('',(1.866987298108,1.844468226937E-02,
    -0.299432452643));
#857 = CARTESIAN_POINT('',(1.866987298108,-1.844468226922E-02,
    0.299432452643));
#858 = PCURVE('',#859,#882);
#859 = ( BOUNDED_SURFACE() B_SPLINE_SURFACE(1,6,(
    (#860,#861,#862,#863,#864,#865,#866,#867,#868,#869,#870)
    ,(#871,#872,#873,#874,#875,#876,#877,#878,#879,#880,#881
)),.UNSPECIFIED.,.F.,.F.,.F.) B_SPLINE_SURFACE_WITH_KNOTS((2,2),(7,4,7),
(0.,1.),(0.,0.5,1.),.UNSPECIFIED.) GEOMETRIC_REPRESENTATION_ITEM() 
RATIONAL_B_SPLINE_SURFACE((
    (1.,1.,1.,1.,1.,1.,1.,1.,1.,1.,1.)
,(1.,1.,1.,1.,1.,1.,1.,1.,1.,1.,1.
  ))) REPRESENTATION_ITEM('') SURFACE() );
#860 = CARTESIAN_POINT('',(1.866987298108,1.844468226937E-02,
    -0.299432452643));
#861 = CARTESIAN_POINT('',(1.850739137788,0.99570756808,-0.232765785976)
  );
#862 = CARTESIAN_POINT('',(1.25283899259,1.967224091218,-0.166099119318)
  );
#863 = CARTESIAN_POINT('',(-3.534665326575E-02,2.455769718857,
    -9.943245264047E-02));
#864 = CARTESIAN_POINT('',(-1.274539159011,1.942255154906,
    -3.276578597339E-02));
#865 = CARTESIAN_POINT('',(-2.478746232506,-2.448848298612E-02,
    0.100567547357));
#866 = CARTESIAN_POINT('',(-1.235917568407,-1.967056918011,
    0.233900880687));
#867 = CARTESIAN_POINT('',(1.317848879263E-02,-2.455988726613,
    0.300567547353));
#868 = CARTESIAN_POINT('',(1.291460583194,-1.942087981699,0.367234214031
    ));
#869 = CARTESIAN_POINT('',(1.87004993309,-0.958948468378,0.43390088069)
  );
#870 = CARTESIAN_POINT('',(1.866987298108,1.844468226931E-02,
    0.500567547357));
#871 = CARTESIAN_POINT('',(1.866987298108,-1.844468226922E-02,
    0.299432452643));
#872 = CARTESIAN_POINT('',(1.87004993309,0.958948468376,0.36609911931));
#873 = CARTESIAN_POINT('',(1.291460583194,1.942087981704,0.432765785968)
  );
#874 = CARTESIAN_POINT('',(1.317848878984E-02,2.45598872661,
    0.499432452647));
#875 = CARTESIAN_POINT('',(-1.235917568407,1.967056918012,0.566099119313
    ));
#876 = CARTESIAN_POINT('',(-2.478746232506,2.448848298554E-02,
    0.699432452643));
#877 = CARTESIAN_POINT('',(-1.274539159011,-1.942255154906,
    0.832765785973));
#878 = CARTESIAN_POINT('',(-3.534665326297E-02,-2.45576971886,
    0.899432452641));
#879 = CARTESIAN_POINT('',(1.25283899259,-1.967224091214,0.966099119318)
  );
#880 = CARTESIAN_POINT('',(1.850739137788,-0.995707568082,1.032765785976
    ));
#881 = CARTESIAN_POINT('',(1.866987298108,-1.844468226928E-02,
    1.099432452643));
#882 = DEFINITIONAL_REPRESENTATION('',(#883),#887);
#883 = LINE('',#884,#885);
#884 = CARTESIAN_POINT('',(0.,0.));
#885 = VECTOR('',#886,1.);
#886 = DIRECTION('',(1.,0.));
#887 = ( GEOMETRIC_REPRESENTATION_CONTEXT(2) 
PARAMETRIC_REPRESENTATION_CONTEXT() REPRESENTATION_CONTEXT('2D SPACE',''
  ) );
#888 = PCURVE('',#889,#894);
#889 = PLANE('',#890);
#890 = AXIS2_PLACEMENT_3D('',#891,#892,#893);
#891 = CARTESIAN_POINT('',(1.866987298108,1.844468226937E-02,
    -0.299432452643));
#892 = DIRECTION('',(-3.620406136043E-13,-0.998108175478,
    -6.148227423099E-02));
#893 = DIRECTION('',(0.875137810879,-2.974965897419E-02,0.482958351995)
  );
#894 = DEFINITIONAL_REPRESENTATION('',(#895),#898);
#895 = B_SPLINE_CURVE_WITH_KNOTS('',1,(#896,#897),.UNSPECIFIED.,.F.,.F.,
  (2,2),(0.,1.),.PIECEWISE_BEZIER_KNOTS.);
#896 = CARTESIAN_POINT('',(0.,0.));
#897 = CARTESIAN_POINT('',(0.29032425374,0.525082686527));
#898 = ( GEOMETRIC_REPRESENTATION_CONTEXT(2) 
PARAMETRIC_REPRESENTATION_CONTEXT() REPRESENTATION_CONTEXT('2D SPACE',''
  ) );
#899 = ORIENTED_EDGE('',*,*,#900,.T.);
#900 = EDGE_CURVE('',#852,#901,#903,.T.);
#901 = VERTEX_POINT('',#902);
#902 = CARTESIAN_POINT('',(1.866987298108,-1.844468226928E-02,
    1.099432452643));
#903 = SURFACE_CURVE('',#904,(#916,#923),.PCURVE_S1.);
#904 = ( BOUNDED_CURVE() B_SPLINE_CURVE(6,(#905,#906,#907,#908,#909,#910
    ,#911,#912,#913,#914,#915),.UNSPECIFIED.,.F.,.F.) 
B_SPLINE_CURVE_WITH_KNOTS((7,4,7),(0.,0.5,1.),.UNSPECIFIED.) CURVE() 
GEOMETRIC_REPRESENTATION_ITEM() RATIONAL_B_SPLINE_CURVE((1.,1.,1.,1.,1.,
1.,1.,1.,1.,1.,1.)) REPRESENTATION_ITEM('') );
#905 = CARTESIAN_POINT('',(1.866987298108,-1.844468226922E-02,
    0.299432452643));
#906 = CARTESIAN_POINT('',(1.87004993309,0.958948468376,0.36609911931));
#907 = CARTESIAN_POINT('',(1.291460583194,1.942087981704,0.432765785968)
  );
#908 = CARTESIAN_POINT('',(1.317848878984E-02,2.45598872661,
    0.499432452647));
#909 = CARTESIAN_POINT('',(-1.235917568407,1.967056918012,0.566099119313
    ));
#910 = CARTESIAN_POINT('',(-2.478746232506,2.448848298554E-02,
    0.699432452643));
#911 = CARTESIAN_POINT('',(-1.274539159011,-1.942255154906,
    0.832765785973));
#912 = CARTESIAN_POINT('',(-3.534665326297E-02,-2.45576971886,
    0.899432452641));
#913 = CARTESIAN_POINT('',(1.25283899259,-1.967224091214,0.966099119318)
  );
#914 = CARTESIAN_POINT('',(1.850739137788,-0.995707568082,1.032765785976
    ));
#915 = CARTESIAN_POINT('',(1.866987298108,-1.844468226928E-02,
    1.099432452643));
#916 = PCURVE('',#859,#917);
#917 = DEFINITIONAL_REPRESENTATION('',(#918),#922);
#918 = LINE('',#919,#920);
#919 = CARTESIAN_POINT('',(1.,0.));
#920 = VECTOR('',#921,1.);
#921 = DIRECTION('',(0.,1.));
#922 = ( GEOMETRIC_REPRESENTATION_CONTEXT(2) 
PARAMETRIC_REPRESENTATION_CONTEXT() REPRESENTATION_CONTEXT('2D SPACE',''
  ) );
#923 = PCURVE('',#924,#947);
#924 = ( BOUNDED_SURFACE() B_SPLINE_SURFACE(1,6,(
    (#925,#926,#927,#928,#929,#930,#931,#932,#933,#934,#935)
    ,(#936,#937,#938,#939,#940,#941,#942,#943,#944,#945,#946
)),.UNSPECIFIED.,.F.,.F.,.F.) B_SPLINE_SURFACE_WITH_KNOTS((2,2),(7,4,7),
(1.,2.),(0.,0.5,1.),.UNSPECIFIED.) GEOMETRIC_REPRESENTATION_ITEM() 
RATIONAL_B_SPLINE_SURFACE((
    (1.,1.,1.,1.,1.,1.,1.,1.,1.,1.,1.)
,(1.,1.,1.,1.,1.,1.,1.,1.,1.,1.,1.
  ))) REPRESENTATION_ITEM('') SURFACE() );
#925 = CARTESIAN_POINT('',(1.866987298108,-1.844468226922E-02,
    0.299432452643));
#926 = CARTESIAN_POINT('',(1.87004993309,0.958948468376,0.36609911931));
#927 = CARTESIAN_POINT('',(1.291460583194,1.942087981704,0.432765785968)
  );
#928 = CARTESIAN_POINT('',(1.317848878984E-02,2.45598872661,
    0.499432452647));
#929 = CARTESIAN_POINT('',(-1.235917568407,1.967056918012,0.566099119313
    ));
#930 = CARTESIAN_POINT('',(-2.478746232506,2.448848298554E-02,
    0.699432452643));
#931 = CARTESIAN_POINT('',(-1.274539159011,-1.942255154906,
    0.832765785973));
#932 = CARTESIAN_POINT('',(-3.534665326297E-02,-2.45576971886,
    0.899432452641));
#933 = CARTESIAN_POINT('',(1.25283899259,-1.967224091214,0.966099119318)
  );
#934 = CARTESIAN_POINT('',(1.850739137788,-0.995707568082,1.032765785976
    ));
#935 = CARTESIAN_POINT('',(1.866987298108,-1.844468226928E-02,
    1.099432452643));
#936 = CARTESIAN_POINT('',(2.066987298108,-1.84446822693E-02,
    0.299432452643));
#937 = CARTESIAN_POINT('',(2.069343687027,1.063644201376,0.36609911931)
  );
#938 = CARTESIAN_POINT('',(1.427738937945,2.151479447703,0.432765785968)
  );
#939 = CARTESIAN_POINT('',(1.199111259549E-02,2.719073454042,
    0.499432452647));
#940 = CARTESIAN_POINT('',(-1.370383224928,2.176448384011,0.566099119313
    ));
#941 = CARTESIAN_POINT('',(-2.744280575985,2.448848298571E-02,
    0.699432452643));
#942 = CARTESIAN_POINT('',(-1.409004815533,-2.151646620905,
    0.832765785973));
#943 = CARTESIAN_POINT('',(-3.653402945711E-02,-2.718854446291,
    0.899432452641));
#944 = CARTESIAN_POINT('',(1.389117347341,-2.176615557213,0.966099119318
    ));
#945 = CARTESIAN_POINT('',(2.050032891724,-1.100403301082,1.032765785976
    ));
#946 = CARTESIAN_POINT('',(2.066987298108,-1.84446822693E-02,
    1.099432452643));
#947 = DEFINITIONAL_REPRESENTATION('',(#948),#952);
#948 = LINE('',#949,#950);
#949 = CARTESIAN_POINT('',(1.,0.));
#950 = VECTOR('',#951,1.);
#951 = DIRECTION('',(0.,1.));
#952 = ( GEOMETRIC_REPRESENTATION_CONTEXT(2) 
PARAMETRIC_REPRESENTATION_CONTEXT() REPRESENTATION_CONTEXT('2D SPACE',''
  ) );
#953 = ORIENTED_EDGE('',*,*,#954,.F.);
#954 = EDGE_CURVE('',#955,#901,#957,.T.);
#955 = VERTEX_POINT('',#956);
#956 = CARTESIAN_POINT('',(1.866987298108,1.844468226931E-02,
    0.500567547357));
#957 = SURFACE_CURVE('',#958,(#961,#968),.PCURVE_S1.);
#958 = B_SPLINE_CURVE_WITH_KNOTS('',1,(#959,#960),.UNSPECIFIED.,.F.,.F.,
  (2,2),(0.,1.),.PIECEWISE_BEZIER_KNOTS.);
#959 = CARTESIAN_POINT('',(1.866987298108,1.844468226931E-02,
    0.500567547357));
#960 = CARTESIAN_POINT('',(1.866987298108,-1.844468226928E-02,
    1.099432452643));
#961 = PCURVE('',#859,#962);
#962 = DEFINITIONAL_REPRESENTATION('',(#963),#967);
#963 = LINE('',#964,#965);
#964 = CARTESIAN_POINT('',(0.,1.));
#965 = VECTOR('',#966,1.);
#966 = DIRECTION('',(1.,0.));
#967 = ( GEOMETRIC_REPRESENTATION_CONTEXT(2) 
PARAMETRIC_REPRESENTATION_CONTEXT() REPRESENTATION_CONTEXT('2D SPACE',''
  ) );
#968 = PCURVE('',#969,#974);
#969 = PLANE('',#970);
#970 = AXIS2_PLACEMENT_3D('',#971,#972,#973);
#971 = CARTESIAN_POINT('',(1.866987298108,1.844468226931E-02,
    0.500567547357));
#972 = DIRECTION('',(-6.323769584524E-14,-0.998108175478,
    -6.148227423098E-02));
#973 = DIRECTION('',(0.875137810879,-2.974965897392E-02,0.482958351995)
  );
#974 = DEFINITIONAL_REPRESENTATION('',(#975),#978);
#975 = B_SPLINE_CURVE_WITH_KNOTS('',1,(#976,#977),.UNSPECIFIED.,.F.,.F.,
  (2,2),(0.,1.),.PIECEWISE_BEZIER_KNOTS.);
#976 = CARTESIAN_POINT('',(0.,0.));
#977 = CARTESIAN_POINT('',(0.29032425374,0.525082686527));
#978 = ( GEOMETRIC_REPRESENTATION_CONTEXT(2) 
PARAMETRIC_REPRESENTATION_CONTEXT() REPRESENTATION_CONTEXT('2D SPACE',''
  ) );
#979 = ORIENTED_EDGE('',*,*,#980,.F.);
#980 = EDGE_CURVE('',#850,#955,#981,.T.);
#981 = SURFACE_CURVE('',#982,(#994,#1001),.PCURVE_S1.);
#982 = ( BOUNDED_CURVE() B_SPLINE_CURVE(6,(#983,#984,#985,#986,#987,#988
    ,#989,#990,#991,#992,#993),.UNSPECIFIED.,.F.,.F.) 
B_SPLINE_CURVE_WITH_KNOTS((7,4,7),(0.,0.5,1.),.UNSPECIFIED.) CURVE() 
GEOMETRIC_REPRESENTATION_ITEM() RATIONAL_B_SPLINE_CURVE((1.,1.,1.,1.,1.,
1.,1.,1.,1.,1.,1.)) REPRESENTATION_ITEM('') );
#983 = CARTESIAN_POINT('',(1.866987298108,1.844468226937E-02,
    -0.299432452643));
#984 = CARTESIAN_POINT('',(1.850739137788,0.99570756808,-0.232765785976)
  );
#985 = CARTESIAN_POINT('',(1.25283899259,1.967224091218,-0.166099119318)
  );
#986 = CARTESIAN_POINT('',(-3.534665326575E-02,2.455769718857,
    -9.943245264047E-02));
#987 = CARTESIAN_POINT('',(-1.274539159011,1.942255154906,
    -3.276578597339E-02));
#988 = CARTESIAN_POINT('',(-2.478746232506,-2.448848298612E-02,
    0.100567547357));
#989 = CARTESIAN_POINT('',(-1.235917568407,-1.967056918011,
    0.233900880687));
#990 = CARTESIAN_POINT('',(1.317848879263E-02,-2.455988726613,
    0.300567547353));
#991 = CARTESIAN_POINT('',(1.291460583194,-1.942087981699,0.367234214031
    ));
#992 = CARTESIAN_POINT('',(1.87004993309,-0.958948468378,0.43390088069)
  );
#993 = CARTESIAN_POINT('',(1.866987298108,1.844468226931E-02,
    0.500567547357));
#994 = PCURVE('',#859,#995);
#995 = DEFINITIONAL_REPRESENTATION('',(#996),#1000);
#996 = LINE('',#997,#998);
#997 = CARTESIAN_POINT('',(0.,0.));
#998 = VECTOR('',#999,1.);
#999 = DIRECTION('',(0.,1.));
#1000 = ( GEOMETRIC_REPRESENTATION_CONTEXT(2) 
PARAMETRIC_REPRESENTATION_CONTEXT() REPRESENTATION_CONTEXT('2D SPACE',''
  ) );
#1001 = PCURVE('',#1002,#1025);
#1002 = ( BOUNDED_SURFACE() B_SPLINE_SURFACE(1,6,(
    (#1003,#1004,#1005,#1006,#1007,#1008,#1009,#1010,#1011,#1012,#1013)
    ,(#1014,#1015,#1016,#1017,#1018,#1019,#1020,#1021,#1022,#1023,#1024
)),.UNSPECIFIED.,.F.,.F.,.F.) B_SPLINE_SURFACE_WITH_KNOTS((2,2),(7,4,7),
(5.,6.),(0.,0.5,1.),.UNSPECIFIED.) GEOMETRIC_REPRESENTATION_ITEM() 
RATIONAL_B_SPLINE_SURFACE((
    (1.,1.,1.,1.,1.,1.,1.,1.,1.,1.,1.)
,(1.,1.,1.,1.,1.,1.,1.,1.,1.,1.,1.
  ))) REPRESENTATION_ITEM('') SURFACE() );
#1003 = CARTESIAN_POINT('',(2.066987298108,1.84446822693E-02,
    -0.299432452643));
#1004 = CARTESIAN_POINT('',(2.050032891725,1.10040330108,-0.232765785976
    ));
#1005 = CARTESIAN_POINT('',(1.389117347341,2.176615557217,
    -0.166099119318));
#1006 = CARTESIAN_POINT('',(-3.653402946021E-02,2.718854446289,
    -9.943245264047E-02));
#1007 = CARTESIAN_POINT('',(-1.409004815533,2.151646620905,
    -3.276578597339E-02));
#1008 = CARTESIAN_POINT('',(-2.744280575985,-2.448848298582E-02,
    0.100567547357));
#1009 = CARTESIAN_POINT('',(-1.370383224929,-2.176448384011,
    0.233900880687));
#1010 = CARTESIAN_POINT('',(1.199111259853E-02,-2.719073454045,
    0.300567547353));
#1011 = CARTESIAN_POINT('',(1.427738937945,-2.151479447699,
    0.367234214031));
#1012 = CARTESIAN_POINT('',(2.069343687027,-1.063644201378,0.43390088069
    ));
#1013 = CARTESIAN_POINT('',(2.066987298108,1.84446822693E-02,
    0.500567547357));
#1014 = CARTESIAN_POINT('',(1.866987298108,1.844468226937E-02,
    -0.299432452643));
#1015 = CARTESIAN_POINT('',(1.850739137788,0.99570756808,-0.232765785976
    ));
#1016 = CARTESIAN_POINT('',(1.25283899259,1.967224091218,-0.166099119318
    ));
#1017 = CARTESIAN_POINT('',(-3.534665326575E-02,2.455769718857,
    -9.943245264047E-02));
#1018 = CARTESIAN_POINT('',(-1.274539159011,1.942255154906,
    -3.276578597339E-02));
#1019 = CARTESIAN_POINT('',(-2.478746232506,-2.448848298612E-02,
    0.100567547357));
#1020 = CARTESIAN_POINT('',(-1.235917568407,-1.967056918011,
    0.233900880687));
#1021 = CARTESIAN_POINT('',(1.317848879263E-02,-2.455988726613,
    0.300567547353));
#1022 = CARTESIAN_POINT('',(1.291460583194,-1.942087981699,
    0.367234214031));
#1023 = CARTESIAN_POINT('',(1.87004993309,-0.958948468378,0.43390088069)
  );
#1024 = CARTESIAN_POINT('',(1.866987298108,1.844468226931E-02,
    0.500567547357));
#1025 = DEFINITIONAL_REPRESENTATION('',(#1026),#1030);
#1026 = LINE('',#1027,#1028);
#1027 = CARTESIAN_POINT('',(6.,0.));
#1028 = VECTOR('',#1029,1.);
#1029 = DIRECTION('',(0.,1.));
#1030 = ( GEOMETRIC_REPRESENTATION_CONTEXT(2) 
PARAMETRIC_REPRESENTATION_CONTEXT() REPRESENTATION_CONTEXT('2D SPACE',''
  ) );
#1031 = ADVANCED_FACE('',(#1032),#924,.T.);
#1032 = FACE_BOUND('',#1033,.T.);
#1033 = EDGE_LOOP('',(#1034,#1055,#1109,#1128));
#1034 = ORIENTED_EDGE('',*,*,#1035,.T.);
#1035 = EDGE_CURVE('',#852,#1036,#1038,.T.);
#1036 = VERTEX_POINT('',#1037);
#1037 = CARTESIAN_POINT('',(2.066987298108,-1.84446822693E-02,
    0.299432452643));
#1038 = SURFACE_CURVE('',#1039,(#1042,#1049),.PCURVE_S1.);
#1039 = B_SPLINE_CURVE_WITH_KNOTS('',1,(#1040,#1041),.UNSPECIFIED.,.F.,
  .F.,(2,2),(1.,2.),.PIECEWISE_BEZIER_KNOTS.);
#1040 = CARTESIAN_POINT('',(1.866987298108,-1.844468226922E-02,
    0.299432452643));
#1041 = CARTESIAN_POINT('',(2.066987298108,-1.84446822693E-02,
    0.299432452643));
#1042 = PCURVE('',#924,#1043);
#1043 = DEFINITIONAL_REPRESENTATION('',(#1044),#1048);
#1044 = LINE('',#1045,#1046);
#1045 = CARTESIAN_POINT('',(0.,0.));
#1046 = VECTOR('',#1047,1.);
#1047 = DIRECTION('',(1.,0.));
#1048 = ( GEOMETRIC_REPRESENTATION_CONTEXT(2) 
PARAMETRIC_REPRESENTATION_CONTEXT() REPRESENTATION_CONTEXT('2D SPACE',''
  ) );
#1049 = PCURVE('',#889,#1050);
#1050 = DEFINITIONAL_REPRESENTATION('',(#1051),#1054);
#1051 = B_SPLINE_CURVE_WITH_KNOTS('',1,(#1052,#1053),.UNSPECIFIED.,.F.,
  .F.,(2,2),(1.,2.),.PIECEWISE_BEZIER_KNOTS.);
#1052 = CARTESIAN_POINT('',(0.29032425374,0.525082686527));
#1053 = CARTESIAN_POINT('',(0.465351815915,0.428307935281));
#1054 = ( GEOMETRIC_REPRESENTATION_CONTEXT(2) 
PARAMETRIC_REPRESENTATION_CONTEXT() REPRESENTATION_CONTEXT('2D SPACE',''
  ) );
#1055 = ORIENTED_EDGE('',*,*,#1056,.T.);
#1056 = EDGE_CURVE('',#1036,#1057,#1059,.T.);
#1057 = VERTEX_POINT('',#1058);
#1058 = CARTESIAN_POINT('',(2.066987298108,-1.84446822693E-02,
    1.099432452643));
#1059 = SURFACE_CURVE('',#1060,(#1072,#1079),.PCURVE_S1.);
#1060 = ( BOUNDED_CURVE() B_SPLINE_CURVE(6,(#1061,#1062,#1063,#1064,
    #1065,#1066,#1067,#1068,#1069,#1070,#1071),.UNSPECIFIED.,.F.,.F.) 
B_SPLINE_CURVE_WITH_KNOTS((7,4,7),(0.,0.5,1.),.UNSPECIFIED.) CURVE() 
GEOMETRIC_REPRESENTATION_ITEM() RATIONAL_B_SPLINE_CURVE((1.,1.,1.,1.,1.,
1.,1.,1.,1.,1.,1.)) REPRESENTATION_ITEM('') );
#1061 = CARTESIAN_POINT('',(2.066987298108,-1.84446822693E-02,
    0.299432452643));
#1062 = CARTESIAN_POINT('',(2.069343687027,1.063644201376,0.36609911931)
  );
#1063 = CARTESIAN_POINT('',(1.427738937945,2.151479447703,0.432765785968
    ));
#1064 = CARTESIAN_POINT('',(1.199111259549E-02,2.719073454042,
    0.499432452647));
#1065 = CARTESIAN_POINT('',(-1.370383224928,2.176448384011,
    0.566099119313));
#1066 = CARTESIAN_POINT('',(-2.744280575985,2.448848298571E-02,
    0.699432452643));
#1067 = CARTESIAN_POINT('',(-1.409004815533,-2.151646620905,
    0.832765785973));
#1068 = CARTESIAN_POINT('',(-3.653402945711E-02,-2.718854446291,
    0.899432452641));
#1069 = CARTESIAN_POINT('',(1.389117347341,-2.176615557213,
    0.966099119318));
#1070 = CARTESIAN_POINT('',(2.050032891724,-1.100403301082,
    1.032765785976));
#1071 = CARTESIAN_POINT('',(2.066987298108,-1.84446822693E-02,
    1.099432452643));
#1072 = PCURVE('',#924,#1073);
#1073 = DEFINITIONAL_REPRESENTATION('',(#1074),#1078);
#1074 = LINE('',#1075,#1076);
#1075 = CARTESIAN_POINT('',(2.,0.));
#1076 = VECTOR('',#1077,1.);
#1077 = DIRECTION('',(0.,1.));
#1078 = ( GEOMETRIC_REPRESENTATION_CONTEXT(2) 
PARAMETRIC_REPRESENTATION_CONTEXT() REPRESENTATION_CONTEXT('2D SPACE',''
  ) );
#1079 = PCURVE('',#1080,#1103);
#1080 = ( BOUNDED_SURFACE() B_SPLINE_SURFACE(1,6,(
    (#1081,#1082,#1083,#1084,#1085,#1086,#1087,#1088,#1089,#1090,#1091)
    ,(#1092,#1093,#1094,#1095,#1096,#1097,#1098,#1099,#1100,#1101,#1102
)),.UNSPECIFIED.,.F.,.F.,.F.) B_SPLINE_SURFACE_WITH_KNOTS((2,2),(7,4,7),
(2.,3.),(0.,0.5,1.),.UNSPECIFIED.) GEOMETRIC_REPRESENTATION_ITEM() 
RATIONAL_B_SPLINE_SURFACE((
    (1.,1.,1.,1.,1.,1.,1.,1.,1.,1.,1.)
,(1.,1.,1.,1.,1.,1.,1.,1.,1.,1.,1.
  ))) REPRESENTATION_ITEM('') SURFACE() );
#1081 = CARTESIAN_POINT('',(2.066987298108,-1.84446822693E-02,
    0.299432452643));
#1082 = CARTESIAN_POINT('',(2.069343687027,1.063644201376,0.36609911931)
  );
#1083 = CARTESIAN_POINT('',(1.427738937945,2.151479447703,0.432765785968
    ));
#1084 = CARTESIAN_POINT('',(1.199111259549E-02,2.719073454042,
    0.499432452647));
#1085 = CARTESIAN_POINT('',(-1.370383224928,2.176448384011,
    0.566099119313));
#1086 = CARTESIAN_POINT('',(-2.744280575985,2.448848298571E-02,
    0.699432452643));
#1087 = CARTESIAN_POINT('',(-1.409004815533,-2.151646620905,
    0.832765785973));
#1088 = CARTESIAN_POINT('',(-3.653402945711E-02,-2.718854446291,
    0.899432452641));
#1089 = CARTESIAN_POINT('',(1.389117347341,-2.176615557213,
    0.966099119318));
#1090 = CARTESIAN_POINT('',(2.050032891724,-1.100403301082,
    1.032765785976));
#1091 = CARTESIAN_POINT('',(2.066987298108,-1.84446822693E-02,
    1.099432452643));
#1092 = CARTESIAN_POINT('',(2.5,-3.074113711706E-03,4.990540877388E-02)
  );
#1093 = CARTESIAN_POINT('',(2.492781156629,1.305633404033,0.116572075441
    ));
#1094 = CARTESIAN_POINT('',(1.706697901528,2.615298648895,0.183238742099
    ));
#1095 = CARTESIAN_POINT('',(-1.079844146497E-02,3.28857734407,
    0.249905408777));
#1096 = CARTESIAN_POINT('',(-1.677602240557,2.619460138277,
    0.316572075444));
#1097 = CARTESIAN_POINT('',(-3.319179293559,4.081413831255E-03,
    0.449905408774));
#1098 = CARTESIAN_POINT('',(-1.684039172325,-2.615326511093,
    0.583238742104));
#1099 = CARTESIAN_POINT('',(-1.888596513718E-02,-3.288540842781,
    0.649905408771));
#1100 = CARTESIAN_POINT('',(1.700260969761,-2.619488000476,
    0.716572075449));
#1101 = CARTESIAN_POINT('',(2.489562690745,-1.311759920652,
    0.783238742107));
#1102 = CARTESIAN_POINT('',(2.5,-3.074113711577E-03,0.849905408774));
#1103 = DEFINITIONAL_REPRESENTATION('',(#1104),#1108);
#1104 = LINE('',#1105,#1106);
#1105 = CARTESIAN_POINT('',(2.,0.));
#1106 = VECTOR('',#1107,1.);
#1107 = DIRECTION('',(0.,1.));
#1108 = ( GEOMETRIC_REPRESENTATION_CONTEXT(2) 
PARAMETRIC_REPRESENTATION_CONTEXT() REPRESENTATION_CONTEXT('2D SPACE',''
  ) );
#1109 = ORIENTED_EDGE('',*,*,#1110,.F.);
#1110 = EDGE_CURVE('',#901,#1057,#1111,.T.);
#1111 = SURFACE_CURVE('',#1112,(#1115,#1122),.PCURVE_S1.);
#1112 = B_SPLINE_CURVE_WITH_KNOTS('',1,(#1113,#1114),.UNSPECIFIED.,.F.,
  .F.,(2,2),(1.,2.),.PIECEWISE_BEZIER_KNOTS.);
#1113 = CARTESIAN_POINT('',(1.866987298108,-1.844468226928E-02,
    1.099432452643));
#1114 = CARTESIAN_POINT('',(2.066987298108,-1.84446822693E-02,
    1.099432452643));
#1115 = PCURVE('',#924,#1116);
#1116 = DEFINITIONAL_REPRESENTATION('',(#1117),#1121);
#1117 = LINE('',#1118,#1119);
#1118 = CARTESIAN_POINT('',(0.,1.));
#1119 = VECTOR('',#1120,1.);
#1120 = DIRECTION('',(1.,0.));
#1121 = ( GEOMETRIC_REPRESENTATION_CONTEXT(2) 
PARAMETRIC_REPRESENTATION_CONTEXT() REPRESENTATION_CONTEXT('2D SPACE',''
  ) );
#1122 = PCURVE('',#969,#1123);
#1123 = DEFINITIONAL_REPRESENTATION('',(#1124),#1127);
#1124 = B_SPLINE_CURVE_WITH_KNOTS('',1,(#1125,#1126),.UNSPECIFIED.,.F.,
  .F.,(2,2),(1.,2.),.PIECEWISE_BEZIER_KNOTS.);
#1125 = CARTESIAN_POINT('',(0.29032425374,0.525082686527));
#1126 = CARTESIAN_POINT('',(0.465351815915,0.428307935281));
#1127 = ( GEOMETRIC_REPRESENTATION_CONTEXT(2) 
PARAMETRIC_REPRESENTATION_CONTEXT() REPRESENTATION_CONTEXT('2D SPACE',''
  ) );
#1128 = ORIENTED_EDGE('',*,*,#900,.F.);
#1129 = ADVANCED_FACE('',(#1130),#1080,.T.);
#1130 = FACE_BOUND('',#1131,.T.);
#1131 = EDGE_LOOP('',(#1132,#1153,#1207,#1226));
#1132 = ORIENTED_EDGE('',*,*,#1133,.T.);
#1133 = EDGE_CURVE('',#1036,#1134,#1136,.T.);
#1134 = VERTEX_POINT('',#1135);
#1135 = CARTESIAN_POINT('',(2.5,-3.074113711706E-03,4.990540877388E-02)
  );
#1136 = SURFACE_CURVE('',#1137,(#1140,#1147),.PCURVE_S1.);
#1137 = B_SPLINE_CURVE_WITH_KNOTS('',1,(#1138,#1139),.UNSPECIFIED.,.F.,
  .F.,(2,2),(2.,3.),.PIECEWISE_BEZIER_KNOTS.);
#1138 = CARTESIAN_POINT('',(2.066987298108,-1.84446822693E-02,
    0.299432452643));
#1139 = CARTESIAN_POINT('',(2.5,-3.074113711706E-03,4.990540877388E-02)
  );
#1140 = PCURVE('',#1080,#1141);
#1141 = DEFINITIONAL_REPRESENTATION('',(#1142),#1146);
#1142 = LINE('',#1143,#1144);
#1143 = CARTESIAN_POINT('',(0.,0.));
#1144 = VECTOR('',#1145,1.);
#1145 = DIRECTION('',(1.,0.));
#1146 = ( GEOMETRIC_REPRESENTATION_CONTEXT(2) 
PARAMETRIC_REPRESENTATION_CONTEXT() REPRESENTATION_CONTEXT('2D SPACE',''
  ) );
#1147 = PCURVE('',#889,#1148);
#1148 = DEFINITIONAL_REPRESENTATION('',(#1149),#1152);
#1149 = B_SPLINE_CURVE_WITH_KNOTS('',1,(#1150,#1151),.UNSPECIFIED.,.F.,
  .F.,(2,2),(2.,3.),.PIECEWISE_BEZIER_KNOTS.);
#1150 = CARTESIAN_POINT('',(0.465351815915,0.428307935281));
#1151 = CARTESIAN_POINT('',(0.723329164874,0.));
#1152 = ( GEOMETRIC_REPRESENTATION_CONTEXT(2) 
PARAMETRIC_REPRESENTATION_CONTEXT() REPRESENTATION_CONTEXT('2D SPACE',''
  ) );
#1153 = ORIENTED_EDGE('',*,*,#1154,.T.);
#1154 = EDGE_CURVE('',#1134,#1155,#1157,.T.);
#1155 = VERTEX_POINT('',#1156);
#1156 = CARTESIAN_POINT('',(2.5,-3.074113711577E-03,0.849905408774));
#1157 = SURFACE_CURVE('',#1158,(#1170,#1177),.PCURVE_S1.);
#1158 = ( BOUNDED_CURVE() B_SPLINE_CURVE(6,(#1159,#1160,#1161,#1162,
    #1163,#1164,#1165,#1166,#1167,#1168,#1169),.UNSPECIFIED.,.F.,.F.) 
B_SPLINE_CURVE_WITH_KNOTS((7,4,7),(0.,0.5,1.),.UNSPECIFIED.) CURVE() 
GEOMETRIC_REPRESENTATION_ITEM() RATIONAL_B_SPLINE_CURVE((1.,1.,1.,1.,1.,
1.,1.,1.,1.,1.,1.)) REPRESENTATION_ITEM('') );
#1159 = CARTESIAN_POINT('',(2.5,-3.074113711706E-03,4.990540877388E-02)
  );
#1160 = CARTESIAN_POINT('',(2.492781156629,1.305633404033,0.116572075441
    ));
#1161 = CARTESIAN_POINT('',(1.706697901528,2.615298648895,0.183238742099
    ));
#1162 = CARTESIAN_POINT('',(-1.079844146497E-02,3.28857734407,
    0.249905408777));
#1163 = CARTESIAN_POINT('',(-1.677602240557,2.619460138277,
    0.316572075444));
#1164 = CARTESIAN_POINT('',(-3.319179293559,4.081413831255E-03,
    0.449905408774));
#1165 = CARTESIAN_POINT('',(-1.684039172325,-2.615326511093,
    0.583238742104));
#1166 = CARTESIAN_POINT('',(-1.888596513718E-02,-3.288540842781,
    0.649905408771));
#1167 = CARTESIAN_POINT('',(1.700260969761,-2.619488000476,
    0.716572075449));
#1168 = CARTESIAN_POINT('',(2.489562690745,-1.311759920652,
    0.783238742107));
#1169 = CARTESIAN_POINT('',(2.5,-3.074113711577E-03,0.849905408774));
#1170 = PCURVE('',#1080,#1171);
#1171 = DEFINITIONAL_REPRESENTATION('',(#1172),#1176);
#1172 = LINE('',#1173,#1174);
#1173 = CARTESIAN_POINT('',(3.,0.));
#1174 = VECTOR('',#1175,1.);
#1175 = DIRECTION('',(0.,1.));
#1176 = ( GEOMETRIC_REPRESENTATION_CONTEXT(2) 
PARAMETRIC_REPRESENTATION_CONTEXT() REPRESENTATION_CONTEXT('2D SPACE',''
  ) );
#1177 = PCURVE('',#1178,#1201);
#1178 = ( BOUNDED_SURFACE() B_SPLINE_SURFACE(1,6,(
    (#1179,#1180,#1181,#1182,#1183,#1184,#1185,#1186,#1187,#1188,#1189)
    ,(#1190,#1191,#1192,#1193,#1194,#1195,#1196,#1197,#1198,#1199,#1200
)),.UNSPECIFIED.,.F.,.F.,.F.) B_SPLINE_SURFACE_WITH_KNOTS((2,2),(7,4,7),
(3.,4.),(0.,0.5,1.),.UNSPECIFIED.) GEOMETRIC_REPRESENTATION_ITEM() 
RATIONAL_B_SPLINE_SURFACE((
    (1.,1.,1.,1.,1.,1.,1.,1.,1.,1.,1.)
,(1.,1.,1.,1.,1.,1.,1.,1.,1.,1.,1.
  ))) REPRESENTATION_ITEM('') SURFACE() );
#1179 = CARTESIAN_POINT('',(2.5,-3.074113711706E-03,4.990540877388E-02)
  );
#1180 = CARTESIAN_POINT('',(2.492781156629,1.305633404033,0.116572075441
    ));
#1181 = CARTESIAN_POINT('',(1.706697901528,2.615298648895,0.183238742099
    ));
#1182 = CARTESIAN_POINT('',(-1.079844146497E-02,3.28857734407,
    0.249905408777));
#1183 = CARTESIAN_POINT('',(-1.677602240557,2.619460138277,
    0.316572075444));
#1184 = CARTESIAN_POINT('',(-3.319179293559,4.081413831255E-03,
    0.449905408774));
#1185 = CARTESIAN_POINT('',(-1.684039172325,-2.615326511093,
    0.583238742104));
#1186 = CARTESIAN_POINT('',(-1.888596513718E-02,-3.288540842781,
    0.649905408771));
#1187 = CARTESIAN_POINT('',(1.700260969761,-2.619488000476,
    0.716572075449));
#1188 = CARTESIAN_POINT('',(2.489562690745,-1.311759920652,
    0.783238742107));
#1189 = CARTESIAN_POINT('',(2.5,-3.074113711577E-03,0.849905408774));
#1190 = CARTESIAN_POINT('',(2.5,3.074113711393E-03,-4.990540877388E-02)
  );
#1191 = CARTESIAN_POINT('',(2.489562690745,1.31175992065,
    1.676125789303E-02));
#1192 = CARTESIAN_POINT('',(1.700260969761,2.619488000481,
    8.342792455128E-02));
#1193 = CARTESIAN_POINT('',(-1.888596514077E-02,3.288540842778,
    0.150094591229));
#1194 = CARTESIAN_POINT('',(-1.684039172325,2.615326511093,
    0.216761257896));
#1195 = CARTESIAN_POINT('',(-3.319179293559,-4.081413830683E-03,
    0.350094591226));
#1196 = CARTESIAN_POINT('',(-1.677602240558,-2.619460138278,
    0.483427924556));
#1197 = CARTESIAN_POINT('',(-1.079844146113E-02,-3.288577344073,
    0.550094591223));
#1198 = CARTESIAN_POINT('',(1.706697901528,-2.61529864889,0.616761257901
    ));
#1199 = CARTESIAN_POINT('',(2.492781156629,-1.305633404035,
    0.683427924559));
#1200 = CARTESIAN_POINT('',(2.5,3.074113711522E-03,0.750094591226));
#1201 = DEFINITIONAL_REPRESENTATION('',(#1202),#1206);
#1202 = LINE('',#1203,#1204);
#1203 = CARTESIAN_POINT('',(3.,0.));
#1204 = VECTOR('',#1205,1.);
#1205 = DIRECTION('',(0.,1.));
#1206 = ( GEOMETRIC_REPRESENTATION_CONTEXT(2) 
PARAMETRIC_REPRESENTATION_CONTEXT() REPRESENTATION_CONTEXT('2D SPACE',''
  ) );
#1207 = ORIENTED_EDGE('',*,*,#1208,.F.);
#1208 = EDGE_CURVE('',#1057,#1155,#1209,.T.);
#1209 = SURFACE_CURVE('',#1210,(#1213,#1220),.PCURVE_S1.);
#1210 = B_SPLINE_CURVE_WITH_KNOTS('',1,(#1211,#1212),.UNSPECIFIED.,.F.,
  .F.,(2,2),(2.,3.),.PIECEWISE_BEZIER_KNOTS.);
#1211 = CARTESIAN_POINT('',(2.066987298108,-1.84446822693E-02,
    1.099432452643));
#1212 = CARTESIAN_POINT('',(2.5,-3.074113711577E-03,0.849905408774));
#1213 = PCURVE('',#1080,#1214);
#1214 = DEFINITIONAL_REPRESENTATION('',(#1215),#1219);
#1215 = LINE('',#1216,#1217);
#1216 = CARTESIAN_POINT('',(0.,1.));
#1217 = VECTOR('',#1218,1.);
#1218 = DIRECTION('',(1.,0.));
#1219 = ( GEOMETRIC_REPRESENTATION_CONTEXT(2) 
PARAMETRIC_REPRESENTATION_CONTEXT() REPRESENTATION_CONTEXT('2D SPACE',''
  ) );
#1220 = PCURVE('',#969,#1221);
#1221 = DEFINITIONAL_REPRESENTATION('',(#1222),#1225);
#1222 = B_SPLINE_CURVE_WITH_KNOTS('',1,(#1223,#1224),.UNSPECIFIED.,.F.,
  .F.,(2,2),(2.,3.),.PIECEWISE_BEZIER_KNOTS.);
#1223 = CARTESIAN_POINT('',(0.465351815915,0.428307935281));
#1224 = CARTESIAN_POINT('',(0.723329164874,0.));
#1225 = ( GEOMETRIC_REPRESENTATION_CONTEXT(2) 
PARAMETRIC_REPRESENTATION_CONTEXT() REPRESENTATION_CONTEXT('2D SPACE',''
  ) );
#1226 = ORIENTED_EDGE('',*,*,#1056,.F.);
#1227 = ADVANCED_FACE('',(#1228),#1178,.T.);
#1228 = FACE_BOUND('',#1229,.T.);
#1229 = EDGE_LOOP('',(#1230,#1251,#1305,#1324));
#1230 = ORIENTED_EDGE('',*,*,#1231,.T.);
#1231 = EDGE_CURVE('',#1134,#1232,#1234,.T.);
#1232 = VERTEX_POINT('',#1233);
#1233 = CARTESIAN_POINT('',(2.5,3.074113711393E-03,-4.990540877388E-02)
  );
#1234 = SURFACE_CURVE('',#1235,(#1238,#1245),.PCURVE_S1.);
#1235 = B_SPLINE_CURVE_WITH_KNOTS('',1,(#1236,#1237),.UNSPECIFIED.,.F.,
  .F.,(2,2),(3.,4.),.PIECEWISE_BEZIER_KNOTS.);
#1236 = CARTESIAN_POINT('',(2.5,-3.074113711706E-03,4.990540877388E-02)
  );
#1237 = CARTESIAN_POINT('',(2.5,3.074113711393E-03,-4.990540877388E-02)
  );
#1238 = PCURVE('',#1178,#1239);
#1239 = DEFINITIONAL_REPRESENTATION('',(#1240),#1244);
#1240 = LINE('',#1241,#1242);
#1241 = CARTESIAN_POINT('',(0.,0.));
#1242 = VECTOR('',#1243,1.);
#1243 = DIRECTION('',(1.,0.));
#1244 = ( GEOMETRIC_REPRESENTATION_CONTEXT(2) 
PARAMETRIC_REPRESENTATION_CONTEXT() REPRESENTATION_CONTEXT('2D SPACE',''
  ) );
#1245 = PCURVE('',#889,#1246);
#1246 = DEFINITIONAL_REPRESENTATION('',(#1247),#1250);
#1247 = B_SPLINE_CURVE_WITH_KNOTS('',1,(#1248,#1249),.UNSPECIFIED.,.F.,
  .F.,(2,2),(3.,4.),.PIECEWISE_BEZIER_KNOTS.);
#1248 = CARTESIAN_POINT('',(0.723329164874,0.));
#1249 = CARTESIAN_POINT('',(0.67494178925,-8.751378108786E-02));
#1250 = ( GEOMETRIC_REPRESENTATION_CONTEXT(2) 
PARAMETRIC_REPRESENTATION_CONTEXT() REPRESENTATION_CONTEXT('2D SPACE',''
  ) );
#1251 = ORIENTED_EDGE('',*,*,#1252,.T.);
#1252 = EDGE_CURVE('',#1232,#1253,#1255,.T.);
#1253 = VERTEX_POINT('',#1254);
#1254 = CARTESIAN_POINT('',(2.5,3.074113711522E-03,0.750094591226));
#1255 = SURFACE_CURVE('',#1256,(#1268,#1275),.PCURVE_S1.);
#1256 = ( BOUNDED_CURVE() B_SPLINE_CURVE(6,(#1257,#1258,#1259,#1260,
    #1261,#1262,#1263,#1264,#1265,#1266,#1267),.UNSPECIFIED.,.F.,.F.) 
B_SPLINE_CURVE_WITH_KNOTS((7,4,7),(0.,0.5,1.),.UNSPECIFIED.) CURVE() 
GEOMETRIC_REPRESENTATION_ITEM() RATIONAL_B_SPLINE_CURVE((1.,1.,1.,1.,1.,
1.,1.,1.,1.,1.,1.)) REPRESENTATION_ITEM('') );
#1257 = CARTESIAN_POINT('',(2.5,3.074113711393E-03,-4.990540877388E-02)
  );
#1258 = CARTESIAN_POINT('',(2.489562690745,1.31175992065,
    1.676125789303E-02));
#1259 = CARTESIAN_POINT('',(1.700260969761,2.619488000481,
    8.342792455128E-02));
#1260 = CARTESIAN_POINT('',(-1.888596514077E-02,3.288540842778,
    0.150094591229));
#1261 = CARTESIAN_POINT('',(-1.684039172325,2.615326511093,
    0.216761257896));
#1262 = CARTESIAN_POINT('',(-3.319179293559,-4.081413830683E-03,
    0.350094591226));
#1263 = CARTESIAN_POINT('',(-1.677602240558,-2.619460138278,
    0.483427924556));
#1264 = CARTESIAN_POINT('',(-1.079844146113E-02,-3.288577344073,
    0.550094591223));
#1265 = CARTESIAN_POINT('',(1.706697901528,-2.61529864889,0.616761257901
    ));
#1266 = CARTESIAN_POINT('',(2.492781156629,-1.305633404035,
    0.683427924559));
#1267 = CARTESIAN_POINT('',(2.5,3.074113711522E-03,0.750094591226));
#1268 = PCURVE('',#1178,#1269);
#1269 = DEFINITIONAL_REPRESENTATION('',(#1270),#1274);
#1270 = LINE('',#1271,#1272);
#1271 = CARTESIAN_POINT('',(4.,0.));
#1272 = VECTOR('',#1273,1.);
#1273 = DIRECTION('',(0.,1.));
#1274 = ( GEOMETRIC_REPRESENTATION_CONTEXT(2) 
PARAMETRIC_REPRESENTATION_CONTEXT() REPRESENTATION_CONTEXT('2D SPACE',''
  ) );
#1275 = PCURVE('',#1276,#1299);
#1276 = ( BOUNDED_SURFACE() B_SPLINE_SURFACE(1,6,(
    (#1277,#1278,#1279,#1280,#1281,#1282,#1283,#1284,#1285,#1286,#1287)
    ,(#1288,#1289,#1290,#1291,#1292,#1293,#1294,#1295,#1296,#1297,#1298
)),.UNSPECIFIED.,.F.,.F.,.F.) B_SPLINE_SURFACE_WITH_KNOTS((2,2),(7,4,7),
(4.,5.),(0.,0.5,1.),.UNSPECIFIED.) GEOMETRIC_REPRESENTATION_ITEM() 
RATIONAL_B_SPLINE_SURFACE((
    (1.,1.,1.,1.,1.,1.,1.,1.,1.,1.,1.)
,(1.,1.,1.,1.,1.,1.,1.,1.,1.,1.,1.
  ))) REPRESENTATION_ITEM('') SURFACE() );
#1277 = CARTESIAN_POINT('',(2.5,3.074113711393E-03,-4.990540877388E-02)
  );
#1278 = CARTESIAN_POINT('',(2.489562690745,1.31175992065,
    1.676125789303E-02));
#1279 = CARTESIAN_POINT('',(1.700260969761,2.619488000481,
    8.342792455128E-02));
#1280 = CARTESIAN_POINT('',(-1.888596514077E-02,3.288540842778,
    0.150094591229));
#1281 = CARTESIAN_POINT('',(-1.684039172325,2.615326511093,
    0.216761257896));
#1282 = CARTESIAN_POINT('',(-3.319179293559,-4.081413830683E-03,
    0.350094591226));
#1283 = CARTESIAN_POINT('',(-1.677602240558,-2.619460138278,
    0.483427924556));
#1284 = CARTESIAN_POINT('',(-1.079844146113E-02,-3.288577344073,
    0.550094591223));
#1285 = CARTESIAN_POINT('',(1.706697901528,-2.61529864889,0.616761257901
    ));
#1286 = CARTESIAN_POINT('',(2.492781156629,-1.305633404035,
    0.683427924559));
#1287 = CARTESIAN_POINT('',(2.5,3.074113711522E-03,0.750094591226));
#1288 = CARTESIAN_POINT('',(2.066987298108,1.84446822693E-02,
    -0.299432452643));
#1289 = CARTESIAN_POINT('',(2.050032891725,1.10040330108,-0.232765785976
    ));
#1290 = CARTESIAN_POINT('',(1.389117347341,2.176615557217,
    -0.166099119318));
#1291 = CARTESIAN_POINT('',(-3.653402946021E-02,2.718854446289,
    -9.943245264047E-02));
#1292 = CARTESIAN_POINT('',(-1.409004815533,2.151646620905,
    -3.276578597339E-02));
#1293 = CARTESIAN_POINT('',(-2.744280575985,-2.448848298582E-02,
    0.100567547357));
#1294 = CARTESIAN_POINT('',(-1.370383224929,-2.176448384011,
    0.233900880687));
#1295 = CARTESIAN_POINT('',(1.199111259853E-02,-2.719073454045,
    0.300567547353));
#1296 = CARTESIAN_POINT('',(1.427738937945,-2.151479447699,
    0.367234214031));
#1297 = CARTESIAN_POINT('',(2.069343687027,-1.063644201378,0.43390088069
    ));
#1298 = CARTESIAN_POINT('',(2.066987298108,1.84446822693E-02,
    0.500567547357));
#1299 = DEFINITIONAL_REPRESENTATION('',(#1300),#1304);
#1300 = LINE('',#1301,#1302);
#1301 = CARTESIAN_POINT('',(4.,0.));
#1302 = VECTOR('',#1303,1.);
#1303 = DIRECTION('',(0.,1.));
#1304 = ( GEOMETRIC_REPRESENTATION_CONTEXT(2) 
PARAMETRIC_REPRESENTATION_CONTEXT() REPRESENTATION_CONTEXT('2D SPACE',''
  ) );
#1305 = ORIENTED_EDGE('',*,*,#1306,.F.);
#1306 = EDGE_CURVE('',#1155,#1253,#1307,.T.);
#1307 = SURFACE_CURVE('',#1308,(#1311,#1318),.PCURVE_S1.);
#1308 = B_SPLINE_CURVE_WITH_KNOTS('',1,(#1309,#1310),.UNSPECIFIED.,.F.,
  .F.,(2,2),(3.,4.),.PIECEWISE_BEZIER_KNOTS.);
#1309 = CARTESIAN_POINT('',(2.5,-3.074113711577E-03,0.849905408774));
#1310 = CARTESIAN_POINT('',(2.5,3.074113711522E-03,0.750094591226));
#1311 = PCURVE('',#1178,#1312);
#1312 = DEFINITIONAL_REPRESENTATION('',(#1313),#1317);
#1313 = LINE('',#1314,#1315);
#1314 = CARTESIAN_POINT('',(0.,1.));
#1315 = VECTOR('',#1316,1.);
#1316 = DIRECTION('',(1.,0.));
#1317 = ( GEOMETRIC_REPRESENTATION_CONTEXT(2) 
PARAMETRIC_REPRESENTATION_CONTEXT() REPRESENTATION_CONTEXT('2D SPACE',''
  ) );
#1318 = PCURVE('',#969,#1319);
#1319 = DEFINITIONAL_REPRESENTATION('',(#1320),#1323);
#1320 = B_SPLINE_CURVE_WITH_KNOTS('',1,(#1321,#1322),.UNSPECIFIED.,.F.,
  .F.,(2,2),(3.,4.),.PIECEWISE_BEZIER_KNOTS.);
#1321 = CARTESIAN_POINT('',(0.723329164874,0.));
#1322 = CARTESIAN_POINT('',(0.67494178925,-8.751378108786E-02));
#1323 = ( GEOMETRIC_REPRESENTATION_CONTEXT(2) 
PARAMETRIC_REPRESENTATION_CONTEXT() REPRESENTATION_CONTEXT('2D SPACE',''
  ) );
#1324 = ORIENTED_EDGE('',*,*,#1154,.F.);
#1325 = ADVANCED_FACE('',(#1326),#1276,.T.);
#1326 = FACE_BOUND('',#1327,.T.);
#1327 = EDGE_LOOP('',(#1328,#1349,#1380,#1399));
#1328 = ORIENTED_EDGE('',*,*,#1329,.T.);
#1329 = EDGE_CURVE('',#1232,#1330,#1332,.T.);
#1330 = VERTEX_POINT('',#1331);
#1331 = CARTESIAN_POINT('',(2.066987298108,1.84446822693E-02,
    -0.299432452643));
#1332 = SURFACE_CURVE('',#1333,(#1336,#1343),.PCURVE_S1.);
#1333 = B_SPLINE_CURVE_WITH_KNOTS('',1,(#1334,#1335),.UNSPECIFIED.,.F.,
  .F.,(2,2),(4.,5.),.PIECEWISE_BEZIER_KNOTS.);
#1334 = CARTESIAN_POINT('',(2.5,3.074113711393E-03,-4.990540877388E-02)
  );
#1335 = CARTESIAN_POINT('',(2.066987298108,1.84446822693E-02,
    -0.299432452643));
#1336 = PCURVE('',#1276,#1337);
#1337 = DEFINITIONAL_REPRESENTATION('',(#1338),#1342);
#1338 = LINE('',#1339,#1340);
#1339 = CARTESIAN_POINT('',(0.,0.));
#1340 = VECTOR('',#1341,1.);
#1341 = DIRECTION('',(1.,0.));
#1342 = ( GEOMETRIC_REPRESENTATION_CONTEXT(2) 
PARAMETRIC_REPRESENTATION_CONTEXT() REPRESENTATION_CONTEXT('2D SPACE',''
  ) );
#1343 = PCURVE('',#889,#1344);
#1344 = DEFINITIONAL_REPRESENTATION('',(#1345),#1348);
#1345 = B_SPLINE_CURVE_WITH_KNOTS('',1,(#1346,#1347),.UNSPECIFIED.,.F.,
  .F.,(2,2),(4.,5.),.PIECEWISE_BEZIER_KNOTS.);
#1346 = CARTESIAN_POINT('',(0.67494178925,-8.751378108786E-02));
#1347 = CARTESIAN_POINT('',(0.175027562176,-9.677475124651E-02));
#1348 = ( GEOMETRIC_REPRESENTATION_CONTEXT(2) 
PARAMETRIC_REPRESENTATION_CONTEXT() REPRESENTATION_CONTEXT('2D SPACE',''
  ) );
#1349 = ORIENTED_EDGE('',*,*,#1350,.T.);
#1350 = EDGE_CURVE('',#1330,#1351,#1353,.T.);
#1351 = VERTEX_POINT('',#1352);
#1352 = CARTESIAN_POINT('',(2.066987298108,1.84446822693E-02,
    0.500567547357));
#1353 = SURFACE_CURVE('',#1354,(#1366,#1373),.PCURVE_S1.);
#1354 = ( BOUNDED_CURVE() B_SPLINE_CURVE(6,(#1355,#1356,#1357,#1358,
    #1359,#1360,#1361,#1362,#1363,#1364,#1365),.UNSPECIFIED.,.F.,.F.) 
B_SPLINE_CURVE_WITH_KNOTS((7,4,7),(0.,0.5,1.),.UNSPECIFIED.) CURVE() 
GEOMETRIC_REPRESENTATION_ITEM() RATIONAL_B_SPLINE_CURVE((1.,1.,1.,1.,1.,
1.,1.,1.,1.,1.,1.)) REPRESENTATION_ITEM('') );
#1355 = CARTESIAN_POINT('',(2.066987298108,1.84446822693E-02,
    -0.299432452643));
#1356 = CARTESIAN_POINT('',(2.050032891725,1.10040330108,-0.232765785976
    ));
#1357 = CARTESIAN_POINT('',(1.389117347341,2.176615557217,
    -0.166099119318));
#1358 = CARTESIAN_POINT('',(-3.653402946021E-02,2.718854446289,
    -9.943245264047E-02));
#1359 = CARTESIAN_POINT('',(-1.409004815533,2.151646620905,
    -3.276578597339E-02));
#1360 = CARTESIAN_POINT('',(-2.744280575985,-2.448848298582E-02,
    0.100567547357));
#1361 = CARTESIAN_POINT('',(-1.370383224929,-2.176448384011,
    0.233900880687));
#1362 = CARTESIAN_POINT('',(1.199111259853E-02,-2.719073454045,
    0.300567547353));
#1363 = CARTESIAN_POINT('',(1.427738937945,-2.151479447699,
    0.367234214031));
#1364 = CARTESIAN_POINT('',(2.069343687027,-1.063644201378,0.43390088069
    ));
#1365 = CARTESIAN_POINT('',(2.066987298108,1.84446822693E-02,
    0.500567547357));
#1366 = PCURVE('',#1276,#1367);
#1367 = DEFINITIONAL_REPRESENTATION('',(#1368),#1372);
#1368 = LINE('',#1369,#1370);
#1369 = CARTESIAN_POINT('',(5.,0.));
#1370 = VECTOR('',#1371,1.);
#1371 = DIRECTION('',(0.,1.));
#1372 = ( GEOMETRIC_REPRESENTATION_CONTEXT(2) 
PARAMETRIC_REPRESENTATION_CONTEXT() REPRESENTATION_CONTEXT('2D SPACE',''
  ) );
#1373 = PCURVE('',#1002,#1374);
#1374 = DEFINITIONAL_REPRESENTATION('',(#1375),#1379);
#1375 = LINE('',#1376,#1377);
#1376 = CARTESIAN_POINT('',(5.,0.));
#1377 = VECTOR('',#1378,1.);
#1378 = DIRECTION('',(0.,1.));
#1379 = ( GEOMETRIC_REPRESENTATION_CONTEXT(2) 
PARAMETRIC_REPRESENTATION_CONTEXT() REPRESENTATION_CONTEXT('2D SPACE',''
  ) );
#1380 = ORIENTED_EDGE('',*,*,#1381,.F.);
#1381 = EDGE_CURVE('',#1253,#1351,#1382,.T.);
#1382 = SURFACE_CURVE('',#1383,(#1386,#1393),.PCURVE_S1.);
#1383 = B_SPLINE_CURVE_WITH_KNOTS('',1,(#1384,#1385),.UNSPECIFIED.,.F.,
  .F.,(2,2),(4.,5.),.PIECEWISE_BEZIER_KNOTS.);
#1384 = CARTESIAN_POINT('',(2.5,3.074113711522E-03,0.750094591226));
#1385 = CARTESIAN_POINT('',(2.066987298108,1.84446822693E-02,
    0.500567547357));
#1386 = PCURVE('',#1276,#1387);
#1387 = DEFINITIONAL_REPRESENTATION('',(#1388),#1392);
#1388 = LINE('',#1389,#1390);
#1389 = CARTESIAN_POINT('',(0.,1.));
#1390 = VECTOR('',#1391,1.);
#1391 = DIRECTION('',(1.,0.));
#1392 = ( GEOMETRIC_REPRESENTATION_CONTEXT(2) 
PARAMETRIC_REPRESENTATION_CONTEXT() REPRESENTATION_CONTEXT('2D SPACE',''
  ) );
#1393 = PCURVE('',#969,#1394);
#1394 = DEFINITIONAL_REPRESENTATION('',(#1395),#1398);
#1395 = B_SPLINE_CURVE_WITH_KNOTS('',1,(#1396,#1397),.UNSPECIFIED.,.F.,
  .F.,(2,2),(4.,5.),.PIECEWISE_BEZIER_KNOTS.);
#1396 = CARTESIAN_POINT('',(0.67494178925,-8.751378108786E-02));
#1397 = CARTESIAN_POINT('',(0.175027562176,-9.677475124651E-02));
#1398 = ( GEOMETRIC_REPRESENTATION_CONTEXT(2) 
PARAMETRIC_REPRESENTATION_CONTEXT() REPRESENTATION_CONTEXT('2D SPACE',''
  ) );
#1399 = ORIENTED_EDGE('',*,*,#1252,.F.);
#1400 = ADVANCED_FACE('',(#1401),#1002,.T.);
#1401 = FACE_BOUND('',#1402,.T.);
#1402 = EDGE_LOOP('',(#1403,#1422,#1423,#1442));
#1403 = ORIENTED_EDGE('',*,*,#1404,.T.);
#1404 = EDGE_CURVE('',#1330,#850,#1405,.T.);
#1405 = SURFACE_CURVE('',#1406,(#1409,#1416),.PCURVE_S1.);
#1406 = B_SPLINE_CURVE_WITH_KNOTS('',1,(#1407,#1408),.UNSPECIFIED.,.F.,
  .F.,(2,2),(5.,6.),.PIECEWISE_BEZIER_KNOTS.);
#1407 = CARTESIAN_POINT('',(2.066987298108,1.84446822693E-02,
    -0.299432452643));
#1408 = CARTESIAN_POINT('',(1.866987298108,1.844468226937E-02,
    -0.299432452643));
#1409 = PCURVE('',#1002,#1410);
#1410 = DEFINITIONAL_REPRESENTATION('',(#1411),#1415);
#1411 = LINE('',#1412,#1413);
#1412 = CARTESIAN_POINT('',(0.,0.));
#1413 = VECTOR('',#1414,1.);
#1414 = DIRECTION('',(1.,0.));
#1415 = ( GEOMETRIC_REPRESENTATION_CONTEXT(2) 
PARAMETRIC_REPRESENTATION_CONTEXT() REPRESENTATION_CONTEXT('2D SPACE',''
  ) );
#1416 = PCURVE('',#889,#1417);
#1417 = DEFINITIONAL_REPRESENTATION('',(#1418),#1421);
#1418 = B_SPLINE_CURVE_WITH_KNOTS('',1,(#1419,#1420),.UNSPECIFIED.,.F.,
  .F.,(2,2),(5.,6.),.PIECEWISE_BEZIER_KNOTS.);
#1419 = CARTESIAN_POINT('',(0.175027562176,-9.677475124651E-02));
#1420 = CARTESIAN_POINT('',(0.,0.));
#1421 = ( GEOMETRIC_REPRESENTATION_CONTEXT(2) 
PARAMETRIC_REPRESENTATION_CONTEXT() REPRESENTATION_CONTEXT('2D SPACE',''
  ) );
#1422 = ORIENTED_EDGE('',*,*,#980,.T.);
#1423 = ORIENTED_EDGE('',*,*,#1424,.F.);
#1424 = EDGE_CURVE('',#1351,#955,#1425,.T.);
#1425 = SURFACE_CURVE('',#1426,(#1429,#1436),.PCURVE_S1.);
#1426 = B_SPLINE_CURVE_WITH_KNOTS('',1,(#1427,#1428),.UNSPECIFIED.,.F.,
  .F.,(2,2),(5.,6.),.PIECEWISE_BEZIER_KNOTS.);
#1427 = CARTESIAN_POINT('',(2.066987298108,1.84446822693E-02,
    0.500567547357));
#1428 = CARTESIAN_POINT('',(1.866987298108,1.844468226931E-02,
    0.500567547357));
#1429 = PCURVE('',#1002,#1430);
#1430 = DEFINITIONAL_REPRESENTATION('',(#1431),#1435);
#1431 = LINE('',#1432,#1433);
#1432 = CARTESIAN_POINT('',(0.,1.));
#1433 = VECTOR('',#1434,1.);
#1434 = DIRECTION('',(1.,0.));
#1435 = ( GEOMETRIC_REPRESENTATION_CONTEXT(2) 
PARAMETRIC_REPRESENTATION_CONTEXT() REPRESENTATION_CONTEXT('2D SPACE',''
  ) );
#1436 = PCURVE('',#969,#1437);
#1437 = DEFINITIONAL_REPRESENTATION('',(#1438),#1441);
#1438 = B_SPLINE_CURVE_WITH_KNOTS('',1,(#1439,#1440),.UNSPECIFIED.,.F.,
  .F.,(2,2),(5.,6.),.PIECEWISE_BEZIER_KNOTS.);
#1439 = CARTESIAN_POINT('',(0.175027562176,-9.677475124651E-02));
#1440 = CARTESIAN_POINT('',(0.,0.));
#1441 = ( GEOMETRIC_REPRESENTATION_CONTEXT(2) 
PARAMETRIC_REPRESENTATION_CONTEXT() REPRESENTATION_CONTEXT('2D SPACE',''
  ) );
#1442 = ORIENTED_EDGE('',*,*,#1350,.F.);
#1443 = ADVANCED_FACE('',(#1444),#889,.T.);
#1444 = FACE_BOUND('',#1445,.T.);
#1445 = EDGE_LOOP('',(#1446,#1447,#1448,#1449,#1450,#1451));
#1446 = ORIENTED_EDGE('',*,*,#849,.F.);
#1447 = ORIENTED_EDGE('',*,*,#1404,.F.);
#1448 = ORIENTED_EDGE('',*,*,#1329,.F.);
#1449 = ORIENTED_EDGE('',*,*,#1231,.F.);
#1450 = ORIENTED_EDGE('',*,*,#1133,.F.);
#1451 = ORIENTED_EDGE('',*,*,#1035,.F.);
#1452 = ADVANCED_FACE('',(#1453),#969,.F.);
#1453 = FACE_BOUND('',#1454,.T.);
#1454 = EDGE_LOOP('',(#1455,#1456,#1457,#1458,#1459,#1460));
#1455 = ORIENTED_EDGE('',*,*,#954,.T.);
#1456 = ORIENTED_EDGE('',*,*,#1110,.T.);
#1457 = ORIENTED_EDGE('',*,*,#1208,.T.);
#1458 = ORIENTED_EDGE('',*,*,#1306,.T.);
#1459 = ORIENTED_EDGE('',*,*,#1381,.T.);
#1460 = ORIENTED_EDGE('',*,*,#1424,.T.);
#1461 = ( GEOMETRIC_REPRESENTATION_CONTEXT(3) 
GLOBAL_UNCERTAINTY_ASSIGNED_CONTEXT((#1465)) 
GLOBAL_UNIT_ASSIGNED_CONTEXT((#1462,#1463,#1464)) REPRESENTATION_CONTEXT
('Context #1','3D Context with UNIT and UNCERTAINTY') );
#1462 = ( LENGTH_UNIT() NAMED_UNIT(*) SI_UNIT(.MILLI.,.METRE.) );
#1463 = ( NAMED_UNIT(*) PLANE_ANGLE_UNIT() SI_UNIT($,.RADIAN.) );
#1464 = ( NAMED_UNIT(*) SI_UNIT($,.STERADIAN.) SOLID_ANGLE_UNIT() );
#1465 = UNCERTAINTY_MEASURE_WITH_UNIT(LENGTH_MEASURE(1.E-07),#1462,
  'distance_accuracy_value','confusion accuracy');
#1466 = CONTEXT_DEPENDENT_SHAPE_REPRESENTATION(#1467,#1469);
#1467 = ( REPRESENTATION_RELATIONSHIP('','',#842,#759) 
REPRESENTATION_RELATIONSHIP_WITH_TRANSFORMATION(#1468) 
SHAPE_REPRESENTATION_RELATIONSHIP() );
#1468 = ITEM_DEFINED_TRANSFORMATION('','',#11,#760);
#1469 = PRODUCT_DEFINITION_SHAPE('Placement','Placement of an item',
  #1470);
#1470 = NEXT_ASSEMBLY_USAGE_OCCURRENCE('2','=>[0:1:1:4]','',#754,#837,$
  );
#1471 = PRODUCT_RELATED_PRODUCT_CATEGORY('part',$,(#839));
#1472 = CONTEXT_DEPENDENT_SHAPE_REPRESENTATION(#1473,#1475);
#1473 = ( REPRESENTATION_RELATIONSHIP('','',#842,#759) 
REPRESENTATION_RELATIONSHIP_WITH_TRANSFORMATION(#1474) 
SHAPE_REPRESENTATION_RELATIONSHIP() );
#1474 = ITEM_DEFINED_TRANSFORMATION('','',#11,#764);
#1475 = PRODUCT_DEFINITION_SHAPE('Placement','Placement of an item',
  #1476);
#1476 = NEXT_ASSEMBLY_USAGE_OCCURRENCE('3','=>[0:1:1:4]','',#754,#837,$
  );
#1477 = CONTEXT_DEPENDENT_SHAPE_REPRESENTATION(#1478,#1480);
#1478 = ( REPRESENTATION_RELATIONSHIP('','',#842,#759) 
REPRESENTATION_RELATIONSHIP_WITH_TRANSFORMATION(#1479) 
SHAPE_REPRESENTATION_RELATIONSHIP() );
#1479 = ITEM_DEFINED_TRANSFORMATION('','',#11,#768);
#1480 = PRODUCT_DEFINITION_SHAPE('Placement','Placement of an item',
  #1481);
#1481 = NEXT_ASSEMBLY_USAGE_OCCURRENCE('4','=>[0:1:1:4]','',#754,#837,$
  );
#1482 = CONTEXT_DEPENDENT_SHAPE_REPRESENTATION(#1483,#1485);
#1483 = ( REPRESENTATION_RELATIONSHIP('','',#842,#759) 
REPRESENTATION_RELATIONSHIP_WITH_TRANSFORMATION(#1484) 
SHAPE_REPRESENTATION_RELATIONSHIP() );
#1484 = ITEM_DEFINED_TRANSFORMATION('','',#11,#772);
#1485 = PRODUCT_DEFINITION_SHAPE('Placement','Placement of an item',
  #1486);
#1486 = NEXT_ASSEMBLY_USAGE_OCCURRENCE('5','=>[0:1:1:4]','',#754,#837,$
  );
#1487 = CONTEXT_DEPENDENT_SHAPE_REPRESENTATION(#1488,#1490);
#1488 = ( REPRESENTATION_RELATIONSHIP('','',#842,#759) 
REPRESENTATION_RELATIONSHIP_WITH_TRANSFORMATION(#1489) 
SHAPE_REPRESENTATION_RELATIONSHIP() );
#1489 = ITEM_DEFINED_TRANSFORMATION('','',#11,#776);
#1490 = PRODUCT_DEFINITION_SHAPE('Placement','Placement of an item',
  #1491);
#1491 = NEXT_ASSEMBLY_USAGE_OCCURRENCE('6','=>[0:1:1:4]','',#754,#837,$
  );
#1492 = CONTEXT_DEPENDENT_SHAPE_REPRESENTATION(#1493,#1495);
#1493 = ( REPRESENTATION_RELATIONSHIP('','',#842,#759) 
REPRESENTATION_RELATIONSHIP_WITH_TRANSFORMATION(#1494) 
SHAPE_REPRESENTATION_RELATIONSHIP() );
#1494 = ITEM_DEFINED_TRANSFORMATION('','',#11,#780);
#1495 = PRODUCT_DEFINITION_SHAPE('Placement','Placement of an item',
  #1496);
#1496 = NEXT_ASSEMBLY_USAGE_OCCURRENCE('7','=>[0:1:1:4]','',#754,#837,$
  );
#1497 = CONTEXT_DEPENDENT_SHAPE_REPRESENTATION(#1498,#1500);
#1498 = ( REPRESENTATION_RELATIONSHIP('','',#842,#759) 
REPRESENTATION_RELATIONSHIP_WITH_TRANSFORMATION(#1499) 
SHAPE_REPRESENTATION_RELATIONSHIP() );
#1499 = ITEM_DEFINED_TRANSFORMATION('','',#11,#784);
#1500 = PRODUCT_DEFINITION_SHAPE('Placement','Placement of an item',
  #1501);
#1501 = NEXT_ASSEMBLY_USAGE_OCCURRENCE('8','=>[0:1:1:4]','',#754,#837,$
  );
#1502 = CONTEXT_DEPENDENT_SHAPE_REPRESENTATION(#1503,#1505);
#1503 = ( REPRESENTATION_RELATIONSHIP('','',#842,#759) 
REPRESENTATION_RELATIONSHIP_WITH_TRANSFORMATION(#1504) 
SHAPE_REPRESENTATION_RELATIONSHIP() );
#1504 = ITEM_DEFINED_TRANSFORMATION('','',#11,#788);
#1505 = PRODUCT_DEFINITION_SHAPE('Placement','Placement of an item',
  #1506);
#1506 = NEXT_ASSEMBLY_USAGE_OCCURRENCE('9','=>[0:1:1:4]','',#754,#837,$
  );
#1507 = CONTEXT_DEPENDENT_SHAPE_REPRESENTATION(#1508,#1510);
#1508 = ( REPRESENTATION_RELATIONSHIP('','',#842,#759) 
REPRESENTATION_RELATIONSHIP_WITH_TRANSFORMATION(#1509) 
SHAPE_REPRESENTATION_RELATIONSHIP() );
#1509 = ITEM_DEFINED_TRANSFORMATION('','',#11,#792);
#1510 = PRODUCT_DEFINITION_SHAPE('Placement','Placement of an item',
  #1511);
#1511 = NEXT_ASSEMBLY_USAGE_OCCURRENCE('10','=>[0:1:1:4]','',#754,#837,$
  );
#1512 = CONTEXT_DEPENDENT_SHAPE_REPRESENTATION(#1513,#1515);
#1513 = ( REPRESENTATION_RELATIONSHIP('','',#842,#759) 
REPRESENTATION_RELATIONSHIP_WITH_TRANSFORMATION(#1514) 
SHAPE_REPRESENTATION_RELATIONSHIP() );
#1514 = ITEM_DEFINED_TRANSFORMATION('','',#11,#796);
#1515 = PRODUCT_DEFINITION_SHAPE('Placement','Placement of an item',
  #1516);
#1516 = NEXT_ASSEMBLY_USAGE_OCCURRENCE('11','=>[0:1:1:4]','',#754,#837,$
  );
#1517 = CONTEXT_DEPENDENT_SHAPE_REPRESENTATION(#1518,#1520);
#1518 = ( REPRESENTATION_RELATIONSHIP('','',#842,#759) 
REPRESENTATION_RELATIONSHIP_WITH_TRANSFORMATION(#1519) 
SHAPE_REPRESENTATION_RELATIONSHIP() );
#1519 = ITEM_DEFINED_TRANSFORMATION('','',#11,#800);
#1520 = PRODUCT_DEFINITION_SHAPE('Placement','Placement of an item',
  #1521);
#1521 = NEXT_ASSEMBLY_USAGE_OCCURRENCE('12','=>[0:1:1:4]','',#754,#837,$
  );
#1522 = CONTEXT_DEPENDENT_SHAPE_REPRESENTATION(#1523,#1525);
#1523 = ( REPRESENTATION_RELATIONSHIP('','',#842,#759) 
REPRESENTATION_RELATIONSHIP_WITH_TRANSFORMATION(#1524) 
SHAPE_REPRESENTATION_RELATIONSHIP() );
#1524 = ITEM_DEFINED_TRANSFORMATION('','',#11,#804);
#1525 = PRODUCT_DEFINITION_SHAPE('Placement','Placement of an item',
  #1526);
#1526 = NEXT_ASSEMBLY_USAGE_OCCURRENCE('13','=>[0:1:1:4]','',#754,#837,$
  );
#1527 = CONTEXT_DEPENDENT_SHAPE_REPRESENTATION(#1528,#1530);
#1528 = ( REPRESENTATION_RELATIONSHIP('','',#842,#759) 
REPRESENTATION_RELATIONSHIP_WITH_TRANSFORMATION(#1529) 
SHAPE_REPRESENTATION_RELATIONSHIP() );
#1529 = ITEM_DEFINED_TRANSFORMATION('','',#11,#808);
#1530 = PRODUCT_DEFINITION_SHAPE('Placement','Placement of an item',
  #1531);
#1531 = NEXT_ASSEMBLY_USAGE_OCCURRENCE('14','=>[0:1:1:4]','',#754,#837,$
  );
#1532 = CONTEXT_DEPENDENT_SHAPE_REPRESENTATION(#1533,#1535);
#1533 = ( REPRESENTATION_RELATIONSHIP('','',#842,#759) 
REPRESENTATION_RELATIONSHIP_WITH_TRANSFORMATION(#1534) 
SHAPE_REPRESENTATION_RELATIONSHIP() );
#1534 = ITEM_DEFINED_TRANSFORMATION('','',#11,#812);
#1535 = PRODUCT_DEFINITION_SHAPE('Placement','Placement of an item',
  #1536);
#1536 = NEXT_ASSEMBLY_USAGE_OCCURRENCE('15','=>[0:1:1:4]','',#754,#837,$
  );
#1537 = CONTEXT_DEPENDENT_SHAPE_REPRESENTATION(#1538,#1540);
#1538 = ( REPRESENTATION_RELATIONSHIP('','',#842,#759) 
REPRESENTATION_RELATIONSHIP_WITH_TRANSFORMATION(#1539) 
SHAPE_REPRESENTATION_RELATIONSHIP() );
#1539 = ITEM_DEFINED_TRANSFORMATION('','',#11,#816);
#1540 = PRODUCT_DEFINITION_SHAPE('Placement','Placement of an item',
  #1541);
#1541 = NEXT_ASSEMBLY_USAGE_OCCURRENCE('16','=>[0:1:1:4]','',#754,#837,$
  );
#1542 = SHAPE_DEFINITION_REPRESENTATION(#1543,#1549);
#1543 = PRODUCT_DEFINITION_SHAPE('','',#1544);
#1544 = PRODUCT_DEFINITION('design','',#1545,#1548);
#1545 = PRODUCT_DEFINITION_FORMATION('','',#1546);
#1546 = PRODUCT('SOLID','SOLID','',(#1547));
#1547 = PRODUCT_CONTEXT('',#2,'mechanical');
#1548 = PRODUCT_DEFINITION_CONTEXT('part definition',#2,'design');
#1549 = ADVANCED_BREP_SHAPE_REPRESENTATION('',(#11,#1550),#2114);
#1550 = MANIFOLD_SOLID_BREP('',#1551);
#1551 = CLOSED_SHELL('',(#1552,#1714,#1803,#1892,#1981,#2053,#2096,#2105
    ));
#1552 = ADVANCED_FACE('',(#1553),#1566,.F.);
#1553 = FACE_BOUND('',#1554,.F.);
#1554 = EDGE_LOOP('',(#1555,#1600,#1645,#1671));
#1555 = ORIENTED_EDGE('',*,*,#1556,.T.);
#1556 = EDGE_CURVE('',#1557,#1559,#1561,.T.);
#1557 = VERTEX_POINT('',#1558);
#1558 = CARTESIAN_POINT('',(1.866987298108,1.844468226929E-02,
    -0.299432452643));
#1559 = VERTEX_POINT('',#1560);
#1560 = CARTESIAN_POINT('',(1.866987298108,-1.844468226928E-02,
    0.299432452643));
#1561 = SURFACE_CURVE('',#1562,(#1565,#1589),.PCURVE_S1.);
#1562 = B_SPLINE_CURVE_WITH_KNOTS('',1,(#1563,#1564),.UNSPECIFIED.,.F.,
  .F.,(2,2),(0.,1.),.PIECEWISE_BEZIER_KNOTS.);
#1563 = CARTESIAN_POINT('',(1.866987298108,1.844468226929E-02,
    -0.299432452643));
#1564 = CARTESIAN_POINT('',(1.866987298108,-1.844468226928E-02,
    0.299432452643));
#1565 = PCURVE('',#1566,#1583);
#1566 = ( BOUNDED_SURFACE() B_SPLINE_SURFACE(1,7,(
    (#1567,#1568,#1569,#1570,#1571,#1572,#1573,#1574)
    ,(#1575,#1576,#1577,#1578,#1579,#1580,#1581,#1582
)),.UNSPECIFIED.,.F.,.F.,.F.) B_SPLINE_SURFACE_WITH_KNOTS((2,2),(8,8),(
    0.,1.),(0.,1.),.PIECEWISE_BEZIER_KNOTS.) 
GEOMETRIC_REPRESENTATION_ITEM() RATIONAL_B_SPLINE_SURFACE((
    (1.,1.,1.000000000001,0.999999999999,1.000000000001,0.999999999999
      ,1.,1.)
    ,(1.,1.,1.000000000001,0.999999999999,1.000000000001,0.999999999999
,1.,1.))) REPRESENTATION_ITEM('') SURFACE() );
#1567 = CARTESIAN_POINT('',(1.866987298108,1.844468226929E-02,
    -0.299432452643));
#1568 = CARTESIAN_POINT('',(1.89671469524,-0.39748274385,-0.289249218456
    ));
#1569 = CARTESIAN_POINT('',(1.818476021965,-0.829758679013,
    -0.279016068536));
#1570 = CARTESIAN_POINT('',(1.623914979252,-1.244788947374,
    -0.26873607911));
#1571 = CARTESIAN_POINT('',(1.317514804415,-1.604174617929,
    -0.258412675918));
#1572 = CARTESIAN_POINT('',(0.920769587899,-1.87128339022,
    -0.248049619827));
#1573 = CARTESIAN_POINT('',(0.46892988802,-2.02216419406,-0.237650991137
    ));
#1574 = CARTESIAN_POINT('',(1.676789297208E-03,-2.048805479926,
    -0.227221132058));
#1575 = CARTESIAN_POINT('',(1.866987298108,-1.844468226928E-02,
    0.299432452643));
#1576 = CARTESIAN_POINT('',(1.888543084429,-0.429642870642,
    0.232841253659));
#1577 = CARTESIAN_POINT('',(1.804537915265,-0.855054762618,
    0.165923637607));
#1578 = CARTESIAN_POINT('',(1.607312295539,-1.262186775069,
    9.869973189786E-02));
#1579 = CARTESIAN_POINT('',(1.301497693262,-1.614050292127,
    3.119191901377E-02));
#1580 = CARTESIAN_POINT('',(0.907944938888,-1.875367245555,
    -3.657518448337E-02));
#1581 = CARTESIAN_POINT('',(0.460732452786,-2.022925005051,
    -0.10457491533));
#1582 = CARTESIAN_POINT('',(-1.676789297208E-03,-2.048805479926,
    -0.172778867942));
#1583 = DEFINITIONAL_REPRESENTATION('',(#1584),#1588);
#1584 = LINE('',#1585,#1586);
#1585 = CARTESIAN_POINT('',(0.,0.));
#1586 = VECTOR('',#1587,1.);
#1587 = DIRECTION('',(1.,0.));
#1588 = ( GEOMETRIC_REPRESENTATION_CONTEXT(2) 
PARAMETRIC_REPRESENTATION_CONTEXT() REPRESENTATION_CONTEXT('2D SPACE',''
  ) );
#1589 = PCURVE('',#1590,#1595);
#1590 = PLANE('',#1591);
#1591 = AXIS2_PLACEMENT_3D('',#1592,#1593,#1594);
#1592 = CARTESIAN_POINT('',(1.866987298108,1.844468226929E-02,
    -0.299432452643));
#1593 = DIRECTION('',(-3.194624021765E-14,-0.998108175478,
    -6.148227423096E-02));
#1594 = DIRECTION('',(0.875137810879,-2.974965897388E-02,0.482958351995)
  );
#1595 = DEFINITIONAL_REPRESENTATION('',(#1596),#1599);
#1596 = B_SPLINE_CURVE_WITH_KNOTS('',1,(#1597,#1598),.UNSPECIFIED.,.F.,
  .F.,(2,2),(0.,1.),.PIECEWISE_BEZIER_KNOTS.);
#1597 = CARTESIAN_POINT('',(0.,0.));
#1598 = CARTESIAN_POINT('',(0.29032425374,0.525082686527));
#1599 = ( GEOMETRIC_REPRESENTATION_CONTEXT(2) 
PARAMETRIC_REPRESENTATION_CONTEXT() REPRESENTATION_CONTEXT('2D SPACE',''
  ) );
#1600 = ORIENTED_EDGE('',*,*,#1601,.T.);
#1601 = EDGE_CURVE('',#1559,#1602,#1604,.T.);
#1602 = VERTEX_POINT('',#1603);
#1603 = CARTESIAN_POINT('',(-1.676789297208E-03,-2.048805479926,
    -0.172778867942));
#1604 = SURFACE_CURVE('',#1605,(#1614,#1621),.PCURVE_S1.);
#1605 = ( BOUNDED_CURVE() B_SPLINE_CURVE(7,(#1606,#1607,#1608,#1609,
    #1610,#1611,#1612,#1613),.UNSPECIFIED.,.F.,.F.) 
B_SPLINE_CURVE_WITH_KNOTS((8,8),(0.,1.),.PIECEWISE_BEZIER_KNOTS.) CURVE(
) GEOMETRIC_REPRESENTATION_ITEM() RATIONAL_B_SPLINE_CURVE((1.,1.,
    1.000000000001,0.999999999999,1.000000000001,0.999999999999,1.,1.)) 
REPRESENTATION_ITEM('') );
#1606 = CARTESIAN_POINT('',(1.866987298108,-1.844468226928E-02,
    0.299432452643));
#1607 = CARTESIAN_POINT('',(1.888543084429,-0.429642870642,
    0.232841253659));
#1608 = CARTESIAN_POINT('',(1.804537915265,-0.855054762618,
    0.165923637607));
#1609 = CARTESIAN_POINT('',(1.607312295539,-1.262186775069,
    9.869973189786E-02));
#1610 = CARTESIAN_POINT('',(1.301497693262,-1.614050292127,
    3.119191901377E-02));
#1611 = CARTESIAN_POINT('',(0.907944938888,-1.875367245555,
    -3.657518448337E-02));
#1612 = CARTESIAN_POINT('',(0.460732452786,-2.022925005051,
    -0.10457491533));
#1613 = CARTESIAN_POINT('',(-1.676789297208E-03,-2.048805479926,
    -0.172778867942));
#1614 = PCURVE('',#1566,#1615);
#1615 = DEFINITIONAL_REPRESENTATION('',(#1616),#1620);
#1616 = LINE('',#1617,#1618);
#1617 = CARTESIAN_POINT('',(1.,0.));
#1618 = VECTOR('',#1619,1.);
#1619 = DIRECTION('',(0.,1.));
#1620 = ( GEOMETRIC_REPRESENTATION_CONTEXT(2) 
PARAMETRIC_REPRESENTATION_CONTEXT() REPRESENTATION_CONTEXT('2D SPACE',''
  ) );
#1621 = PCURVE('',#1622,#1639);
#1622 = ( BOUNDED_SURFACE() B_SPLINE_SURFACE(1,7,(
    (#1623,#1624,#1625,#1626,#1627,#1628,#1629,#1630)
    ,(#1631,#1632,#1633,#1634,#1635,#1636,#1637,#1638
)),.UNSPECIFIED.,.F.,.F.,.F.) B_SPLINE_SURFACE_WITH_KNOTS((2,2),(8,8),(
    1.,2.),(0.,1.),.PIECEWISE_BEZIER_KNOTS.) 
GEOMETRIC_REPRESENTATION_ITEM() RATIONAL_B_SPLINE_SURFACE((
    (1.,1.,1.000000000001,0.999999999999,1.000000000001,0.999999999999
      ,1.,1.)
    ,(1.,1.,1.000000000001,0.999999999999,1.000000000001,0.999999999999
,1.,1.))) REPRESENTATION_ITEM('') SURFACE() );
#1623 = CARTESIAN_POINT('',(1.866987298108,-1.844468226928E-02,
    0.299432452643));
#1624 = CARTESIAN_POINT('',(1.888543084429,-0.429642870642,
    0.232841253659));
#1625 = CARTESIAN_POINT('',(1.804537915265,-0.855054762618,
    0.165923637607));
#1626 = CARTESIAN_POINT('',(1.607312295539,-1.262186775069,
    9.869973189786E-02));
#1627 = CARTESIAN_POINT('',(1.301497693262,-1.614050292127,
    3.119191901377E-02));
#1628 = CARTESIAN_POINT('',(0.907944938888,-1.875367245555,
    -3.657518448337E-02));
#1629 = CARTESIAN_POINT('',(0.460732452786,-2.022925005051,
    -0.10457491533));
#1630 = CARTESIAN_POINT('',(-1.676789297208E-03,-2.048805479926,
    -0.172778867942));
#1631 = CARTESIAN_POINT('',(2.066987298108,-1.844468226929E-02,
    0.299432452643));
#1632 = CARTESIAN_POINT('',(2.062902968505,-0.473946213282,
    0.232841253659));
#1633 = CARTESIAN_POINT('',(1.941683590159,-0.930621836881,
    0.165923637607));
#1634 = CARTESIAN_POINT('',(1.701636648849,-1.352200164601,
    9.869973189786E-02));
#1635 = CARTESIAN_POINT('',(1.355039816332,-1.700888931395,
    3.119191901377E-02));
#1636 = CARTESIAN_POINT('',(0.930086037151,-1.94489757899,
    -3.657518448337E-02));
#1637 = CARTESIAN_POINT('',(0.464857278577,-2.067368357774,
    -0.10457491533));
#1638 = CARTESIAN_POINT('',(-1.676789297208E-03,-2.066987298108,
    -0.172778867942));
#1639 = DEFINITIONAL_REPRESENTATION('',(#1640),#1644);
#1640 = LINE('',#1641,#1642);
#1641 = CARTESIAN_POINT('',(1.,0.));
#1642 = VECTOR('',#1643,1.);
#1643 = DIRECTION('',(0.,1.));
#1644 = ( GEOMETRIC_REPRESENTATION_CONTEXT(2) 
PARAMETRIC_REPRESENTATION_CONTEXT() REPRESENTATION_CONTEXT('2D SPACE',''
  ) );
#1645 = ORIENTED_EDGE('',*,*,#1646,.F.);
#1646 = EDGE_CURVE('',#1647,#1602,#1649,.T.);
#1647 = VERTEX_POINT('',#1648);
#1648 = CARTESIAN_POINT('',(1.676789297208E-03,-2.048805479926,
    -0.227221132058));
#1649 = SURFACE_CURVE('',#1650,(#1653,#1660),.PCURVE_S1.);
#1650 = B_SPLINE_CURVE_WITH_KNOTS('',1,(#1651,#1652),.UNSPECIFIED.,.F.,
  .F.,(2,2),(0.,1.),.PIECEWISE_BEZIER_KNOTS.);
#1651 = CARTESIAN_POINT('',(1.676789297208E-03,-2.048805479926,
    -0.227221132058));
#1652 = CARTESIAN_POINT('',(-1.676789297208E-03,-2.048805479926,
    -0.172778867942));
#1653 = PCURVE('',#1566,#1654);
#1654 = DEFINITIONAL_REPRESENTATION('',(#1655),#1659);
#1655 = LINE('',#1656,#1657);
#1656 = CARTESIAN_POINT('',(0.,1.));
#1657 = VECTOR('',#1658,1.);
#1658 = DIRECTION('',(1.,0.));
#1659 = ( GEOMETRIC_REPRESENTATION_CONTEXT(2) 
PARAMETRIC_REPRESENTATION_CONTEXT() REPRESENTATION_CONTEXT('2D SPACE',''
  ) );
#1660 = PCURVE('',#1661,#1666);
#1661 = PLANE('',#1662);
#1662 = AXIS2_PLACEMENT_3D('',#1663,#1664,#1665);
#1663 = CARTESIAN_POINT('',(1.676789297208E-03,-2.048805479926,
    -0.227221132058));
#1664 = DIRECTION('',(-0.998108175478,-2.457599451117E-15,
    -6.148227423095E-02));
#1665 = DIRECTION('',(-2.974965897385E-02,-0.875137810879,0.482958351995
    ));
#1666 = DEFINITIONAL_REPRESENTATION('',(#1667),#1670);
#1667 = B_SPLINE_CURVE_WITH_KNOTS('',1,(#1668,#1669),.UNSPECIFIED.,.F.,
  .F.,(2,2),(0.,1.),.PIECEWISE_BEZIER_KNOTS.);
#1668 = CARTESIAN_POINT('',(0.,0.));
#1669 = CARTESIAN_POINT('',(2.639311397632E-02,4.773478968429E-02));
#1670 = ( GEOMETRIC_REPRESENTATION_CONTEXT(2) 
PARAMETRIC_REPRESENTATION_CONTEXT() REPRESENTATION_CONTEXT('2D SPACE',''
  ) );
#1671 = ORIENTED_EDGE('',*,*,#1672,.F.);
#1672 = EDGE_CURVE('',#1557,#1647,#1673,.T.);
#1673 = SURFACE_CURVE('',#1674,(#1683,#1690),.PCURVE_S1.);
#1674 = ( BOUNDED_CURVE() B_SPLINE_CURVE(7,(#1675,#1676,#1677,#1678,
    #1679,#1680,#1681,#1682),.UNSPECIFIED.,.F.,.F.) 
B_SPLINE_CURVE_WITH_KNOTS((8,8),(0.,1.),.PIECEWISE_BEZIER_KNOTS.) CURVE(
) GEOMETRIC_REPRESENTATION_ITEM() RATIONAL_B_SPLINE_CURVE((1.,1.,
    1.000000000001,0.999999999999,1.000000000001,0.999999999999,1.,1.)) 
REPRESENTATION_ITEM('') );
#1675 = CARTESIAN_POINT('',(1.866987298108,1.844468226929E-02,
    -0.299432452643));
#1676 = CARTESIAN_POINT('',(1.89671469524,-0.39748274385,-0.289249218456
    ));
#1677 = CARTESIAN_POINT('',(1.818476021965,-0.829758679013,
    -0.279016068536));
#1678 = CARTESIAN_POINT('',(1.623914979252,-1.244788947374,
    -0.26873607911));
#1679 = CARTESIAN_POINT('',(1.317514804415,-1.604174617929,
    -0.258412675918));
#1680 = CARTESIAN_POINT('',(0.920769587899,-1.87128339022,
    -0.248049619827));
#1681 = CARTESIAN_POINT('',(0.46892988802,-2.02216419406,-0.237650991137
    ));
#1682 = CARTESIAN_POINT('',(1.676789297208E-03,-2.048805479926,
    -0.227221132058));
#1683 = PCURVE('',#1566,#1684);
#1684 = DEFINITIONAL_REPRESENTATION('',(#1685),#1689);
#1685 = LINE('',#1686,#1687);
#1686 = CARTESIAN_POINT('',(0.,0.));
#1687 = VECTOR('',#1688,1.);
#1688 = DIRECTION('',(0.,1.));
#1689 = ( GEOMETRIC_REPRESENTATION_CONTEXT(2) 
PARAMETRIC_REPRESENTATION_CONTEXT() REPRESENTATION_CONTEXT('2D SPACE',''
  ) );
#1690 = PCURVE('',#1691,#1708);
#1691 = ( BOUNDED_SURFACE() B_SPLINE_SURFACE(1,7,(
    (#1692,#1693,#1694,#1695,#1696,#1697,#1698,#1699)
    ,(#1700,#1701,#1702,#1703,#1704,#1705,#1706,#1707
)),.UNSPECIFIED.,.F.,.F.,.F.) B_SPLINE_SURFACE_WITH_KNOTS((2,2),(8,8),(
    5.,6.),(0.,1.),.PIECEWISE_BEZIER_KNOTS.) 
GEOMETRIC_REPRESENTATION_ITEM() RATIONAL_B_SPLINE_SURFACE((
    (1.,1.,1.000000000001,0.999999999999,1.000000000001,0.999999999999
      ,1.,1.)
    ,(1.,1.,1.000000000001,0.999999999999,1.000000000001,0.999999999999
,1.,1.))) REPRESENTATION_ITEM('') SURFACE() );
#1692 = CARTESIAN_POINT('',(2.066987298108,1.844468226929E-02,
    -0.299432452643));
#1693 = CARTESIAN_POINT('',(2.071074579316,-0.44178608649,
    -0.289249218456));
#1694 = CARTESIAN_POINT('',(1.955621696859,-0.905325753277,
    -0.279016068536));
#1695 = CARTESIAN_POINT('',(1.718239332563,-1.334802336905,
    -0.26873607911));
#1696 = CARTESIAN_POINT('',(1.371056927485,-1.691013257198,
    -0.258412675918));
#1697 = CARTESIAN_POINT('',(0.942910686162,-1.940813723655,
    -0.248049619827));
#1698 = CARTESIAN_POINT('',(0.473054713811,-2.066607546783,
    -0.237650991137));
#1699 = CARTESIAN_POINT('',(1.676789297208E-03,-2.066987298108,
    -0.227221132058));
#1700 = CARTESIAN_POINT('',(1.866987298108,1.844468226929E-02,
    -0.299432452643));
#1701 = CARTESIAN_POINT('',(1.89671469524,-0.39748274385,-0.289249218456
    ));
#1702 = CARTESIAN_POINT('',(1.818476021965,-0.829758679013,
    -0.279016068536));
#1703 = CARTESIAN_POINT('',(1.623914979252,-1.244788947374,
    -0.26873607911));
#1704 = CARTESIAN_POINT('',(1.317514804415,-1.604174617929,
    -0.258412675918));
#1705 = CARTESIAN_POINT('',(0.920769587899,-1.87128339022,
    -0.248049619827));
#1706 = CARTESIAN_POINT('',(0.46892988802,-2.02216419406,-0.237650991137
    ));
#1707 = CARTESIAN_POINT('',(1.676789297208E-03,-2.048805479926,
    -0.227221132058));
#1708 = DEFINITIONAL_REPRESENTATION('',(#1709),#1713);
#1709 = LINE('',#1710,#1711);
#1710 = CARTESIAN_POINT('',(6.,0.));
#1711 = VECTOR('',#1712,1.);
#1712 = DIRECTION('',(0.,1.));
#1713 = ( GEOMETRIC_REPRESENTATION_CONTEXT(2) 
PARAMETRIC_REPRESENTATION_CONTEXT() REPRESENTATION_CONTEXT('2D SPACE',''
  ) );
#1714 = ADVANCED_FACE('',(#1715),#1622,.F.);
#1715 = FACE_BOUND('',#1716,.F.);
#1716 = EDGE_LOOP('',(#1717,#1738,#1783,#1802));
#1717 = ORIENTED_EDGE('',*,*,#1718,.T.);
#1718 = EDGE_CURVE('',#1559,#1719,#1721,.T.);
#1719 = VERTEX_POINT('',#1720);
#1720 = CARTESIAN_POINT('',(2.066987298108,-1.844468226929E-02,
    0.299432452643));
#1721 = SURFACE_CURVE('',#1722,(#1725,#1732),.PCURVE_S1.);
#1722 = B_SPLINE_CURVE_WITH_KNOTS('',1,(#1723,#1724),.UNSPECIFIED.,.F.,
  .F.,(2,2),(1.,2.),.PIECEWISE_BEZIER_KNOTS.);
#1723 = CARTESIAN_POINT('',(1.866987298108,-1.844468226928E-02,
    0.299432452643));
#1724 = CARTESIAN_POINT('',(2.066987298108,-1.844468226929E-02,
    0.299432452643));
#1725 = PCURVE('',#1622,#1726);
#1726 = DEFINITIONAL_REPRESENTATION('',(#1727),#1731);
#1727 = LINE('',#1728,#1729);
#1728 = CARTESIAN_POINT('',(0.,0.));
#1729 = VECTOR('',#1730,1.);
#1730 = DIRECTION('',(1.,0.));
#1731 = ( GEOMETRIC_REPRESENTATION_CONTEXT(2) 
PARAMETRIC_REPRESENTATION_CONTEXT() REPRESENTATION_CONTEXT('2D SPACE',''
  ) );
#1732 = PCURVE('',#1590,#1733);
#1733 = DEFINITIONAL_REPRESENTATION('',(#1734),#1737);
#1734 = B_SPLINE_CURVE_WITH_KNOTS('',1,(#1735,#1736),.UNSPECIFIED.,.F.,
  .F.,(2,2),(1.,2.),.PIECEWISE_BEZIER_KNOTS.);
#1735 = CARTESIAN_POINT('',(0.29032425374,0.525082686527));
#1736 = CARTESIAN_POINT('',(0.465351815915,0.428307935281));
#1737 = ( GEOMETRIC_REPRESENTATION_CONTEXT(2) 
PARAMETRIC_REPRESENTATION_CONTEXT() REPRESENTATION_CONTEXT('2D SPACE',''
  ) );
#1738 = ORIENTED_EDGE('',*,*,#1739,.T.);
#1739 = EDGE_CURVE('',#1719,#1740,#1742,.T.);
#1740 = VERTEX_POINT('',#1741);
#1741 = CARTESIAN_POINT('',(-1.676789297208E-03,-2.066987298108,
    -0.172778867942));
#1742 = SURFACE_CURVE('',#1743,(#1752,#1759),.PCURVE_S1.);
#1743 = ( BOUNDED_CURVE() B_SPLINE_CURVE(7,(#1744,#1745,#1746,#1747,
    #1748,#1749,#1750,#1751),.UNSPECIFIED.,.F.,.F.) 
B_SPLINE_CURVE_WITH_KNOTS((8,8),(0.,1.),.PIECEWISE_BEZIER_KNOTS.) CURVE(
) GEOMETRIC_REPRESENTATION_ITEM() RATIONAL_B_SPLINE_CURVE((1.,1.,
    1.000000000001,0.999999999999,1.000000000001,0.999999999999,1.,1.)) 
REPRESENTATION_ITEM('') );
#1744 = CARTESIAN_POINT('',(2.066987298108,-1.844468226929E-02,
    0.299432452643));
#1745 = CARTESIAN_POINT('',(2.062902968505,-0.473946213282,
    0.232841253659));
#1746 = CARTESIAN_POINT('',(1.941683590159,-0.930621836881,
    0.165923637607));
#1747 = CARTESIAN_POINT('',(1.701636648849,-1.352200164601,
    9.869973189786E-02));
#1748 = CARTESIAN_POINT('',(1.355039816332,-1.700888931395,
    3.119191901377E-02));
#1749 = CARTESIAN_POINT('',(0.930086037151,-1.94489757899,
    -3.657518448337E-02));
#1750 = CARTESIAN_POINT('',(0.464857278577,-2.067368357774,
    -0.10457491533));
#1751 = CARTESIAN_POINT('',(-1.676789297208E-03,-2.066987298108,
    -0.172778867942));
#1752 = PCURVE('',#1622,#1753);
#1753 = DEFINITIONAL_REPRESENTATION('',(#1754),#1758);
#1754 = LINE('',#1755,#1756);
#1755 = CARTESIAN_POINT('',(2.,0.));
#1756 = VECTOR('',#1757,1.);
#1757 = DIRECTION('',(0.,1.));
#1758 = ( GEOMETRIC_REPRESENTATION_CONTEXT(2) 
PARAMETRIC_REPRESENTATION_CONTEXT() REPRESENTATION_CONTEXT('2D SPACE',''
  ) );
#1759 = PCURVE('',#1760,#1777);
#1760 = ( BOUNDED_SURFACE() B_SPLINE_SURFACE(1,7,(
    (#1761,#1762,#1763,#1764,#1765,#1766,#1767,#1768)
    ,(#1769,#1770,#1771,#1772,#1773,#1774,#1775,#1776
)),.UNSPECIFIED.,.F.,.F.,.F.) B_SPLINE_SURFACE_WITH_KNOTS((2,2),(8,8),(
    2.,3.),(0.,1.),.PIECEWISE_BEZIER_KNOTS.) 
GEOMETRIC_REPRESENTATION_ITEM() RATIONAL_B_SPLINE_SURFACE((
    (1.,1.,1.000000000001,0.999999999999,1.000000000001,0.999999999999
      ,1.,1.)
    ,(1.,1.,1.000000000001,0.999999999999,1.000000000001,0.999999999999
,1.,1.))) REPRESENTATION_ITEM('') SURFACE() );
#1761 = CARTESIAN_POINT('',(2.066987298108,-1.844468226929E-02,
    0.299432452643));
#1762 = CARTESIAN_POINT('',(2.062902968505,-0.473946213282,
    0.232841253659));
#1763 = CARTESIAN_POINT('',(1.941683590159,-0.930621836881,
    0.165923637607));
#1764 = CARTESIAN_POINT('',(1.701636648849,-1.352200164601,
    9.869973189786E-02));
#1765 = CARTESIAN_POINT('',(1.355039816332,-1.700888931395,
    3.119191901377E-02));
#1766 = CARTESIAN_POINT('',(0.930086037151,-1.94489757899,
    -3.657518448337E-02));
#1767 = CARTESIAN_POINT('',(0.464857278577,-2.067368357774,
    -0.10457491533));
#1768 = CARTESIAN_POINT('',(-1.676789297208E-03,-2.066987298108,
    -0.172778867942));
#1769 = CARTESIAN_POINT('',(2.5,-3.074113711561E-03,4.990540877388E-02)
  );
#1770 = CARTESIAN_POINT('',(2.443808028869,-0.55646571095,
    1.530355694423E-02));
#1771 = CARTESIAN_POINT('',(2.244420230812,-1.083689317051,
    -1.946790661902E-02));
#1772 = CARTESIAN_POINT('',(1.912772649136,-1.539835774764,
    -5.439852268876E-02));
#1773 = CARTESIAN_POINT('',(1.477635709523,-1.884785236239,
    -8.947666220773E-02));
#1774 = CARTESIAN_POINT('',(0.983366524815,-2.093733560322,
    -0.124689532543));
#1775 = CARTESIAN_POINT('',(0.477203386396,-2.163274034413,
    -0.16002328025));
#1776 = CARTESIAN_POINT('',(-2.794648828679E-04,-2.106352089189,
    -0.195463144657));
#1777 = DEFINITIONAL_REPRESENTATION('',(#1778),#1782);
#1778 = LINE('',#1779,#1780);
#1779 = CARTESIAN_POINT('',(2.,0.));
#1780 = VECTOR('',#1781,1.);
#1781 = DIRECTION('',(0.,1.));
#1782 = ( GEOMETRIC_REPRESENTATION_CONTEXT(2) 
PARAMETRIC_REPRESENTATION_CONTEXT() REPRESENTATION_CONTEXT('2D SPACE',''
  ) );
#1783 = ORIENTED_EDGE('',*,*,#1784,.F.);
#1784 = EDGE_CURVE('',#1602,#1740,#1785,.T.);
#1785 = SURFACE_CURVE('',#1786,(#1789,#1796),.PCURVE_S1.);
#1786 = B_SPLINE_CURVE_WITH_KNOTS('',1,(#1787,#1788),.UNSPECIFIED.,.F.,
  .F.,(2,2),(1.,2.),.PIECEWISE_BEZIER_KNOTS.);
#1787 = CARTESIAN_POINT('',(-1.676789297208E-03,-2.048805479926,
    -0.172778867942));
#1788 = CARTESIAN_POINT('',(-1.676789297208E-03,-2.066987298108,
    -0.172778867942));
#1789 = PCURVE('',#1622,#1790);
#1790 = DEFINITIONAL_REPRESENTATION('',(#1791),#1795);
#1791 = LINE('',#1792,#1793);
#1792 = CARTESIAN_POINT('',(0.,1.));
#1793 = VECTOR('',#1794,1.);
#1794 = DIRECTION('',(1.,0.));
#1795 = ( GEOMETRIC_REPRESENTATION_CONTEXT(2) 
PARAMETRIC_REPRESENTATION_CONTEXT() REPRESENTATION_CONTEXT('2D SPACE',''
  ) );
#1796 = PCURVE('',#1661,#1797);
#1797 = DEFINITIONAL_REPRESENTATION('',(#1798),#1801);
#1798 = B_SPLINE_CURVE_WITH_KNOTS('',1,(#1799,#1800),.UNSPECIFIED.,.F.,
  .F.,(2,2),(1.,2.),.PIECEWISE_BEZIER_KNOTS.);
#1799 = CARTESIAN_POINT('',(2.639311397632E-02,4.773478968429E-02));
#1800 = CARTESIAN_POINT('',(4.230471053775E-02,3.893708502551E-02));
#1801 = ( GEOMETRIC_REPRESENTATION_CONTEXT(2) 
PARAMETRIC_REPRESENTATION_CONTEXT() REPRESENTATION_CONTEXT('2D SPACE',''
  ) );
#1802 = ORIENTED_EDGE('',*,*,#1601,.F.);
#1803 = ADVANCED_FACE('',(#1804),#1760,.F.);
#1804 = FACE_BOUND('',#1805,.F.);
#1805 = EDGE_LOOP('',(#1806,#1827,#1872,#1891));
#1806 = ORIENTED_EDGE('',*,*,#1807,.T.);
#1807 = EDGE_CURVE('',#1719,#1808,#1810,.T.);
#1808 = VERTEX_POINT('',#1809);
#1809 = CARTESIAN_POINT('',(2.5,-3.074113711561E-03,4.990540877388E-02)
  );
#1810 = SURFACE_CURVE('',#1811,(#1814,#1821),.PCURVE_S1.);
#1811 = B_SPLINE_CURVE_WITH_KNOTS('',1,(#1812,#1813),.UNSPECIFIED.,.F.,
  .F.,(2,2),(2.,3.),.PIECEWISE_BEZIER_KNOTS.);
#1812 = CARTESIAN_POINT('',(2.066987298108,-1.844468226929E-02,
    0.299432452643));
#1813 = CARTESIAN_POINT('',(2.5,-3.074113711561E-03,4.990540877388E-02)
  );
#1814 = PCURVE('',#1760,#1815);
#1815 = DEFINITIONAL_REPRESENTATION('',(#1816),#1820);
#1816 = LINE('',#1817,#1818);
#1817 = CARTESIAN_POINT('',(0.,0.));
#1818 = VECTOR('',#1819,1.);
#1819 = DIRECTION('',(1.,0.));
#1820 = ( GEOMETRIC_REPRESENTATION_CONTEXT(2) 
PARAMETRIC_REPRESENTATION_CONTEXT() REPRESENTATION_CONTEXT('2D SPACE',''
  ) );
#1821 = PCURVE('',#1590,#1822);
#1822 = DEFINITIONAL_REPRESENTATION('',(#1823),#1826);
#1823 = B_SPLINE_CURVE_WITH_KNOTS('',1,(#1824,#1825),.UNSPECIFIED.,.F.,
  .F.,(2,2),(2.,3.),.PIECEWISE_BEZIER_KNOTS.);
#1824 = CARTESIAN_POINT('',(0.465351815915,0.428307935281));
#1825 = CARTESIAN_POINT('',(0.723329164874,2.22044604925E-16));
#1826 = ( GEOMETRIC_REPRESENTATION_CONTEXT(2) 
PARAMETRIC_REPRESENTATION_CONTEXT() REPRESENTATION_CONTEXT('2D SPACE',''
  ) );
#1827 = ORIENTED_EDGE('',*,*,#1828,.T.);
#1828 = EDGE_CURVE('',#1808,#1829,#1831,.T.);
#1829 = VERTEX_POINT('',#1830);
#1830 = CARTESIAN_POINT('',(-2.794648828679E-04,-2.106352089189,
    -0.195463144657));
#1831 = SURFACE_CURVE('',#1832,(#1841,#1848),.PCURVE_S1.);
#1832 = ( BOUNDED_CURVE() B_SPLINE_CURVE(7,(#1833,#1834,#1835,#1836,
    #1837,#1838,#1839,#1840),.UNSPECIFIED.,.F.,.F.) 
B_SPLINE_CURVE_WITH_KNOTS((8,8),(0.,1.),.PIECEWISE_BEZIER_KNOTS.) CURVE(
) GEOMETRIC_REPRESENTATION_ITEM() RATIONAL_B_SPLINE_CURVE((1.,1.,
    1.000000000001,0.999999999999,1.000000000001,0.999999999999,1.,1.)) 
REPRESENTATION_ITEM('') );
#1833 = CARTESIAN_POINT('',(2.5,-3.074113711561E-03,4.990540877388E-02)
  );
#1834 = CARTESIAN_POINT('',(2.443808028869,-0.55646571095,
    1.530355694423E-02));
#1835 = CARTESIAN_POINT('',(2.244420230812,-1.083689317051,
    -1.946790661902E-02));
#1836 = CARTESIAN_POINT('',(1.912772649136,-1.539835774764,
    -5.439852268876E-02));
#1837 = CARTESIAN_POINT('',(1.477635709523,-1.884785236239,
    -8.947666220773E-02));
#1838 = CARTESIAN_POINT('',(0.983366524815,-2.093733560322,
    -0.124689532543));
#1839 = CARTESIAN_POINT('',(0.477203386396,-2.163274034413,
    -0.16002328025));
#1840 = CARTESIAN_POINT('',(-2.794648828679E-04,-2.106352089189,
    -0.195463144657));
#1841 = PCURVE('',#1760,#1842);
#1842 = DEFINITIONAL_REPRESENTATION('',(#1843),#1847);
#1843 = LINE('',#1844,#1845);
#1844 = CARTESIAN_POINT('',(3.,0.));
#1845 = VECTOR('',#1846,1.);
#1846 = DIRECTION('',(0.,1.));
#1847 = ( GEOMETRIC_REPRESENTATION_CONTEXT(2) 
PARAMETRIC_REPRESENTATION_CONTEXT() REPRESENTATION_CONTEXT('2D SPACE',''
  ) );
#1848 = PCURVE('',#1849,#1866);
#1849 = ( BOUNDED_SURFACE() B_SPLINE_SURFACE(1,7,(
    (#1850,#1851,#1852,#1853,#1854,#1855,#1856,#1857)
    ,(#1858,#1859,#1860,#1861,#1862,#1863,#1864,#1865
)),.UNSPECIFIED.,.F.,.F.,.F.) B_SPLINE_SURFACE_WITH_KNOTS((2,2),(8,8),(
    3.,4.),(0.,1.),.PIECEWISE_BEZIER_KNOTS.) 
GEOMETRIC_REPRESENTATION_ITEM() RATIONAL_B_SPLINE_SURFACE((
    (1.,1.,1.000000000001,0.999999999999,1.000000000001,0.999999999999
      ,1.,1.)
    ,(1.,1.,1.000000000001,0.999999999999,1.000000000001,0.999999999999
,1.,1.))) REPRESENTATION_ITEM('') SURFACE() );
#1850 = CARTESIAN_POINT('',(2.5,-3.074113711561E-03,4.990540877388E-02)
  );
#1851 = CARTESIAN_POINT('',(2.443808028869,-0.55646571095,
    1.530355694423E-02));
#1852 = CARTESIAN_POINT('',(2.244420230812,-1.083689317051,
    -1.946790661902E-02));
#1853 = CARTESIAN_POINT('',(1.912772649136,-1.539835774764,
    -5.439852268876E-02));
#1854 = CARTESIAN_POINT('',(1.477635709523,-1.884785236239,
    -8.947666220773E-02));
#1855 = CARTESIAN_POINT('',(0.983366524815,-2.093733560322,
    -0.124689532543));
#1856 = CARTESIAN_POINT('',(0.477203386396,-2.163274034413,
    -0.16002328025));
#1857 = CARTESIAN_POINT('',(-2.794648828679E-04,-2.106352089189,
    -0.195463144657));
#1858 = CARTESIAN_POINT('',(2.5,3.074113711534E-03,-4.990540877388E-02)
  );
#1859 = CARTESIAN_POINT('',(2.445169964004,-0.551105689818,
    -7.171152174162E-02));
#1860 = CARTESIAN_POINT('',(2.246743248595,-1.079473303118,
    -9.362452430959E-02));
#1861 = CARTESIAN_POINT('',(1.915539763088,-1.536936136814,
    -0.115637824523));
#1862 = CARTESIAN_POINT('',(1.480305228049,-1.88313929054,
    -0.137744094696));
#1863 = CARTESIAN_POINT('',(0.985503966316,-2.093052917766,
    -0.159935271767));
#1864 = CARTESIAN_POINT('',(0.478569625602,-2.163147232582,
    -0.182202626218));
#1865 = CARTESIAN_POINT('',(2.794648828681E-04,-2.106352089189,
    -0.204536855343));
#1866 = DEFINITIONAL_REPRESENTATION('',(#1867),#1871);
#1867 = LINE('',#1868,#1869);
#1868 = CARTESIAN_POINT('',(3.,0.));
#1869 = VECTOR('',#1870,1.);
#1870 = DIRECTION('',(0.,1.));
#1871 = ( GEOMETRIC_REPRESENTATION_CONTEXT(2) 
PARAMETRIC_REPRESENTATION_CONTEXT() REPRESENTATION_CONTEXT('2D SPACE',''
  ) );
#1872 = ORIENTED_EDGE('',*,*,#1873,.F.);
#1873 = EDGE_CURVE('',#1740,#1829,#1874,.T.);
#1874 = SURFACE_CURVE('',#1875,(#1878,#1885),.PCURVE_S1.);
#1875 = B_SPLINE_CURVE_WITH_KNOTS('',1,(#1876,#1877),.UNSPECIFIED.,.F.,
  .F.,(2,2),(2.,3.),.PIECEWISE_BEZIER_KNOTS.);
#1876 = CARTESIAN_POINT('',(-1.676789297208E-03,-2.066987298108,
    -0.172778867942));
#1877 = CARTESIAN_POINT('',(-2.794648828679E-04,-2.106352089189,
    -0.195463144657));
#1878 = PCURVE('',#1760,#1879);
#1879 = DEFINITIONAL_REPRESENTATION('',(#1880),#1884);
#1880 = LINE('',#1881,#1882);
#1881 = CARTESIAN_POINT('',(0.,1.));
#1882 = VECTOR('',#1883,1.);
#1883 = DIRECTION('',(1.,0.));
#1884 = ( GEOMETRIC_REPRESENTATION_CONTEXT(2) 
PARAMETRIC_REPRESENTATION_CONTEXT() REPRESENTATION_CONTEXT('2D SPACE',''
  ) );
#1885 = PCURVE('',#1661,#1886);
#1886 = DEFINITIONAL_REPRESENTATION('',(#1887),#1890);
#1887 = B_SPLINE_CURVE_WITH_KNOTS('',1,(#1888,#1889),.UNSPECIFIED.,.F.,
  .F.,(2,2),(2.,3.),.PIECEWISE_BEZIER_KNOTS.);
#1888 = CARTESIAN_POINT('',(4.230471053775E-02,3.893708502551E-02));
#1889 = CARTESIAN_POINT('',(6.57571968067E-02,0.));
#1890 = ( GEOMETRIC_REPRESENTATION_CONTEXT(2) 
PARAMETRIC_REPRESENTATION_CONTEXT() REPRESENTATION_CONTEXT('2D SPACE',''
  ) );
#1891 = ORIENTED_EDGE('',*,*,#1739,.F.);
#1892 = ADVANCED_FACE('',(#1893),#1849,.F.);
#1893 = FACE_BOUND('',#1894,.F.);
#1894 = EDGE_LOOP('',(#1895,#1916,#1961,#1980));
#1895 = ORIENTED_EDGE('',*,*,#1896,.T.);
#1896 = EDGE_CURVE('',#1808,#1897,#1899,.T.);
#1897 = VERTEX_POINT('',#1898);
#1898 = CARTESIAN_POINT('',(2.5,3.074113711534E-03,-4.990540877388E-02)
  );
#1899 = SURFACE_CURVE('',#1900,(#1903,#1910),.PCURVE_S1.);
#1900 = B_SPLINE_CURVE_WITH_KNOTS('',1,(#1901,#1902),.UNSPECIFIED.,.F.,
  .F.,(2,2),(3.,4.),.PIECEWISE_BEZIER_KNOTS.);
#1901 = CARTESIAN_POINT('',(2.5,-3.074113711561E-03,4.990540877388E-02)
  );
#1902 = CARTESIAN_POINT('',(2.5,3.074113711534E-03,-4.990540877388E-02)
  );
#1903 = PCURVE('',#1849,#1904);
#1904 = DEFINITIONAL_REPRESENTATION('',(#1905),#1909);
#1905 = LINE('',#1906,#1907);
#1906 = CARTESIAN_POINT('',(0.,0.));
#1907 = VECTOR('',#1908,1.);
#1908 = DIRECTION('',(1.,0.));
#1909 = ( GEOMETRIC_REPRESENTATION_CONTEXT(2) 
PARAMETRIC_REPRESENTATION_CONTEXT() REPRESENTATION_CONTEXT('2D SPACE',''
  ) );
#1910 = PCURVE('',#1590,#1911);
#1911 = DEFINITIONAL_REPRESENTATION('',(#1912),#1915);
#1912 = B_SPLINE_CURVE_WITH_KNOTS('',1,(#1913,#1914),.UNSPECIFIED.,.F.,
  .F.,(2,2),(3.,4.),.PIECEWISE_BEZIER_KNOTS.);
#1913 = CARTESIAN_POINT('',(0.723329164874,2.22044604925E-16));
#1914 = CARTESIAN_POINT('',(0.67494178925,-8.751378108786E-02));
#1915 = ( GEOMETRIC_REPRESENTATION_CONTEXT(2) 
PARAMETRIC_REPRESENTATION_CONTEXT() REPRESENTATION_CONTEXT('2D SPACE',''
  ) );
#1916 = ORIENTED_EDGE('',*,*,#1917,.T.);
#1917 = EDGE_CURVE('',#1897,#1918,#1920,.T.);
#1918 = VERTEX_POINT('',#1919);
#1919 = CARTESIAN_POINT('',(2.794648828681E-04,-2.106352089189,
    -0.204536855343));
#1920 = SURFACE_CURVE('',#1921,(#1930,#1937),.PCURVE_S1.);
#1921 = ( BOUNDED_CURVE() B_SPLINE_CURVE(7,(#1922,#1923,#1924,#1925,
    #1926,#1927,#1928,#1929),.UNSPECIFIED.,.F.,.F.) 
B_SPLINE_CURVE_WITH_KNOTS((8,8),(0.,1.),.PIECEWISE_BEZIER_KNOTS.) CURVE(
) GEOMETRIC_REPRESENTATION_ITEM() RATIONAL_B_SPLINE_CURVE((1.,1.,
    1.000000000001,0.999999999999,1.000000000001,0.999999999999,1.,1.)) 
REPRESENTATION_ITEM('') );
#1922 = CARTESIAN_POINT('',(2.5,3.074113711534E-03,-4.990540877388E-02)
  );
#1923 = CARTESIAN_POINT('',(2.445169964004,-0.551105689818,
    -7.171152174162E-02));
#1924 = CARTESIAN_POINT('',(2.246743248595,-1.079473303118,
    -9.362452430959E-02));
#1925 = CARTESIAN_POINT('',(1.915539763088,-1.536936136814,
    -0.115637824523));
#1926 = CARTESIAN_POINT('',(1.480305228049,-1.88313929054,
    -0.137744094696));
#1927 = CARTESIAN_POINT('',(0.985503966316,-2.093052917766,
    -0.159935271767));
#1928 = CARTESIAN_POINT('',(0.478569625602,-2.163147232582,
    -0.182202626218));
#1929 = CARTESIAN_POINT('',(2.794648828681E-04,-2.106352089189,
    -0.204536855343));
#1930 = PCURVE('',#1849,#1931);
#1931 = DEFINITIONAL_REPRESENTATION('',(#1932),#1936);
#1932 = LINE('',#1933,#1934);
#1933 = CARTESIAN_POINT('',(4.,0.));
#1934 = VECTOR('',#1935,1.);
#1935 = DIRECTION('',(0.,1.));
#1936 = ( GEOMETRIC_REPRESENTATION_CONTEXT(2) 
PARAMETRIC_REPRESENTATION_CONTEXT() REPRESENTATION_CONTEXT('2D SPACE',''
  ) );
#1937 = PCURVE('',#1938,#1955);
#1938 = ( BOUNDED_SURFACE() B_SPLINE_SURFACE(1,7,(
    (#1939,#1940,#1941,#1942,#1943,#1944,#1945,#1946)
    ,(#1947,#1948,#1949,#1950,#1951,#1952,#1953,#1954
)),.UNSPECIFIED.,.F.,.F.,.F.) B_SPLINE_SURFACE_WITH_KNOTS((2,2),(8,8),(
    4.,5.),(0.,1.),.PIECEWISE_BEZIER_KNOTS.) 
GEOMETRIC_REPRESENTATION_ITEM() RATIONAL_B_SPLINE_SURFACE((
    (1.,1.,1.000000000001,0.999999999999,1.000000000001,0.999999999999
      ,1.,1.)
    ,(1.,1.,1.000000000001,0.999999999999,1.000000000001,0.999999999999
,1.,1.))) REPRESENTATION_ITEM('') SURFACE() );
#1939 = CARTESIAN_POINT('',(2.5,3.074113711534E-03,-4.990540877388E-02)
  );
#1940 = CARTESIAN_POINT('',(2.445169964004,-0.551105689818,
    -7.171152174162E-02));
#1941 = CARTESIAN_POINT('',(2.246743248595,-1.079473303118,
    -9.362452430959E-02));
#1942 = CARTESIAN_POINT('',(1.915539763088,-1.536936136814,
    -0.115637824523));
#1943 = CARTESIAN_POINT('',(1.480305228049,-1.88313929054,
    -0.137744094696));
#1944 = CARTESIAN_POINT('',(0.985503966316,-2.093052917766,
    -0.159935271767));
#1945 = CARTESIAN_POINT('',(0.478569625602,-2.163147232582,
    -0.182202626218));
#1946 = CARTESIAN_POINT('',(2.794648828681E-04,-2.106352089189,
    -0.204536855343));
#1947 = CARTESIAN_POINT('',(2.066987298108,1.844468226929E-02,
    -0.299432452643));
#1948 = CARTESIAN_POINT('',(2.071074579316,-0.44178608649,
    -0.289249218456));
#1949 = CARTESIAN_POINT('',(1.955621696859,-0.905325753277,
    -0.279016068536));
#1950 = CARTESIAN_POINT('',(1.718239332563,-1.334802336905,
    -0.26873607911));
#1951 = CARTESIAN_POINT('',(1.371056927485,-1.691013257198,
    -0.258412675918));
#1952 = CARTESIAN_POINT('',(0.942910686162,-1.940813723655,
    -0.248049619827));
#1953 = CARTESIAN_POINT('',(0.473054713811,-2.066607546783,
    -0.237650991137));
#1954 = CARTESIAN_POINT('',(1.676789297208E-03,-2.066987298108,
    -0.227221132058));
#1955 = DEFINITIONAL_REPRESENTATION('',(#1956),#1960);
#1956 = LINE('',#1957,#1958);
#1957 = CARTESIAN_POINT('',(4.,0.));
#1958 = VECTOR('',#1959,1.);
#1959 = DIRECTION('',(0.,1.));
#1960 = ( GEOMETRIC_REPRESENTATION_CONTEXT(2) 
PARAMETRIC_REPRESENTATION_CONTEXT() REPRESENTATION_CONTEXT('2D SPACE',''
  ) );
#1961 = ORIENTED_EDGE('',*,*,#1962,.F.);
#1962 = EDGE_CURVE('',#1829,#1918,#1963,.T.);
#1963 = SURFACE_CURVE('',#1964,(#1967,#1974),.PCURVE_S1.);
#1964 = B_SPLINE_CURVE_WITH_KNOTS('',1,(#1965,#1966),.UNSPECIFIED.,.F.,
  .F.,(2,2),(3.,4.),.PIECEWISE_BEZIER_KNOTS.);
#1965 = CARTESIAN_POINT('',(-2.794648828679E-04,-2.106352089189,
    -0.195463144657));
#1966 = CARTESIAN_POINT('',(2.794648828681E-04,-2.106352089189,
    -0.204536855343));
#1967 = PCURVE('',#1849,#1968);
#1968 = DEFINITIONAL_REPRESENTATION('',(#1969),#1973);
#1969 = LINE('',#1970,#1971);
#1970 = CARTESIAN_POINT('',(0.,1.));
#1971 = VECTOR('',#1972,1.);
#1972 = DIRECTION('',(1.,0.));
#1973 = ( GEOMETRIC_REPRESENTATION_CONTEXT(2) 
PARAMETRIC_REPRESENTATION_CONTEXT() REPRESENTATION_CONTEXT('2D SPACE',''
  ) );
#1974 = PCURVE('',#1661,#1975);
#1975 = DEFINITIONAL_REPRESENTATION('',(#1976),#1979);
#1976 = B_SPLINE_CURVE_WITH_KNOTS('',1,(#1977,#1978),.UNSPECIFIED.,.F.,
  .F.,(2,2),(3.,4.),.PIECEWISE_BEZIER_KNOTS.);
#1977 = CARTESIAN_POINT('',(6.57571968067E-02,0.));
#1978 = CARTESIAN_POINT('',(6.135834447731E-02,-7.955798280715E-03));
#1979 = ( GEOMETRIC_REPRESENTATION_CONTEXT(2) 
PARAMETRIC_REPRESENTATION_CONTEXT() REPRESENTATION_CONTEXT('2D SPACE',''
  ) );
#1980 = ORIENTED_EDGE('',*,*,#1828,.F.);
#1981 = ADVANCED_FACE('',(#1982),#1938,.F.);
#1982 = FACE_BOUND('',#1983,.F.);
#1983 = EDGE_LOOP('',(#1984,#2005,#2033,#2052));
#1984 = ORIENTED_EDGE('',*,*,#1985,.T.);
#1985 = EDGE_CURVE('',#1897,#1986,#1988,.T.);
#1986 = VERTEX_POINT('',#1987);
#1987 = CARTESIAN_POINT('',(2.066987298108,1.844468226929E-02,
    -0.299432452643));
#1988 = SURFACE_CURVE('',#1989,(#1992,#1999),.PCURVE_S1.);
#1989 = B_SPLINE_CURVE_WITH_KNOTS('',1,(#1990,#1991),.UNSPECIFIED.,.F.,
  .F.,(2,2),(4.,5.),.PIECEWISE_BEZIER_KNOTS.);
#1990 = CARTESIAN_POINT('',(2.5,3.074113711534E-03,-4.990540877388E-02)
  );
#1991 = CARTESIAN_POINT('',(2.066987298108,1.844468226929E-02,
    -0.299432452643));
#1992 = PCURVE('',#1938,#1993);
#1993 = DEFINITIONAL_REPRESENTATION('',(#1994),#1998);
#1994 = LINE('',#1995,#1996);
#1995 = CARTESIAN_POINT('',(0.,0.));
#1996 = VECTOR('',#1997,1.);
#1997 = DIRECTION('',(1.,0.));
#1998 = ( GEOMETRIC_REPRESENTATION_CONTEXT(2) 
PARAMETRIC_REPRESENTATION_CONTEXT() REPRESENTATION_CONTEXT('2D SPACE',''
  ) );
#1999 = PCURVE('',#1590,#2000);
#2000 = DEFINITIONAL_REPRESENTATION('',(#2001),#2004);
#2001 = B_SPLINE_CURVE_WITH_KNOTS('',1,(#2002,#2003),.UNSPECIFIED.,.F.,
  .F.,(2,2),(4.,5.),.PIECEWISE_BEZIER_KNOTS.);
#2002 = CARTESIAN_POINT('',(0.67494178925,-8.751378108786E-02));
#2003 = CARTESIAN_POINT('',(0.175027562176,-9.677475124651E-02));
#2004 = ( GEOMETRIC_REPRESENTATION_CONTEXT(2) 
PARAMETRIC_REPRESENTATION_CONTEXT() REPRESENTATION_CONTEXT('2D SPACE',''
  ) );
#2005 = ORIENTED_EDGE('',*,*,#2006,.T.);
#2006 = EDGE_CURVE('',#1986,#2007,#2009,.T.);
#2007 = VERTEX_POINT('',#2008);
#2008 = CARTESIAN_POINT('',(1.676789297208E-03,-2.066987298108,
    -0.227221132058));
#2009 = SURFACE_CURVE('',#2010,(#2019,#2026),.PCURVE_S1.);
#2010 = ( BOUNDED_CURVE() B_SPLINE_CURVE(7,(#2011,#2012,#2013,#2014,
    #2015,#2016,#2017,#2018),.UNSPECIFIED.,.F.,.F.) 
B_SPLINE_CURVE_WITH_KNOTS((8,8),(0.,1.),.PIECEWISE_BEZIER_KNOTS.) CURVE(
) GEOMETRIC_REPRESENTATION_ITEM() RATIONAL_B_SPLINE_CURVE((1.,1.,
    1.000000000001,0.999999999999,1.000000000001,0.999999999999,1.,1.)) 
REPRESENTATION_ITEM('') );
#2011 = CARTESIAN_POINT('',(2.066987298108,1.844468226929E-02,
    -0.299432452643));
#2012 = CARTESIAN_POINT('',(2.071074579316,-0.44178608649,
    -0.289249218456));
#2013 = CARTESIAN_POINT('',(1.955621696859,-0.905325753277,
    -0.279016068536));
#2014 = CARTESIAN_POINT('',(1.718239332563,-1.334802336905,
    -0.26873607911));
#2015 = CARTESIAN_POINT('',(1.371056927485,-1.691013257198,
    -0.258412675918));
#2016 = CARTESIAN_POINT('',(0.942910686162,-1.940813723655,
    -0.248049619827));
#2017 = CARTESIAN_POINT('',(0.473054713811,-2.066607546783,
    -0.237650991137));
#2018 = CARTESIAN_POINT('',(1.676789297208E-03,-2.066987298108,
    -0.227221132058));
#2019 = PCURVE('',#1938,#2020);
#2020 = DEFINITIONAL_REPRESENTATION('',(#2021),#2025);
#2021 = LINE('',#2022,#2023);
#2022 = CARTESIAN_POINT('',(5.,0.));
#2023 = VECTOR('',#2024,1.);
#2024 = DIRECTION('',(0.,1.));
#2025 = ( GEOMETRIC_REPRESENTATION_CONTEXT(2) 
PARAMETRIC_REPRESENTATION_CONTEXT() REPRESENTATION_CONTEXT('2D SPACE',''
  ) );
#2026 = PCURVE('',#1691,#2027);
#2027 = DEFINITIONAL_REPRESENTATION('',(#2028),#2032);
#2028 = LINE('',#2029,#2030);
#2029 = CARTESIAN_POINT('',(5.,0.));
#2030 = VECTOR('',#2031,1.);
#2031 = DIRECTION('',(0.,1.));
#2032 = ( GEOMETRIC_REPRESENTATION_CONTEXT(2) 
PARAMETRIC_REPRESENTATION_CONTEXT() REPRESENTATION_CONTEXT('2D SPACE',''
  ) );
#2033 = ORIENTED_EDGE('',*,*,#2034,.F.);
#2034 = EDGE_CURVE('',#1918,#2007,#2035,.T.);
#2035 = SURFACE_CURVE('',#2036,(#2039,#2046),.PCURVE_S1.);
#2036 = B_SPLINE_CURVE_WITH_KNOTS('',1,(#2037,#2038),.UNSPECIFIED.,.F.,
  .F.,(2,2),(4.,5.),.PIECEWISE_BEZIER_KNOTS.);
#2037 = CARTESIAN_POINT('',(2.794648828681E-04,-2.106352089189,
    -0.204536855343));
#2038 = CARTESIAN_POINT('',(1.676789297208E-03,-2.066987298108,
    -0.227221132058));
#2039 = PCURVE('',#1938,#2040);
#2040 = DEFINITIONAL_REPRESENTATION('',(#2041),#2045);
#2041 = LINE('',#2042,#2043);
#2042 = CARTESIAN_POINT('',(0.,1.));
#2043 = VECTOR('',#2044,1.);
#2044 = DIRECTION('',(1.,0.));
#2045 = ( GEOMETRIC_REPRESENTATION_CONTEXT(2) 
PARAMETRIC_REPRESENTATION_CONTEXT() REPRESENTATION_CONTEXT('2D SPACE',''
  ) );
#2046 = PCURVE('',#1661,#2047);
#2047 = DEFINITIONAL_REPRESENTATION('',(#2048),#2051);
#2048 = B_SPLINE_CURVE_WITH_KNOTS('',1,(#2049,#2050),.UNSPECIFIED.,.F.,
  .F.,(2,2),(4.,5.),.PIECEWISE_BEZIER_KNOTS.);
#2049 = CARTESIAN_POINT('',(6.135834447731E-02,-7.955798280715E-03));
#2050 = CARTESIAN_POINT('',(1.591159656143E-02,-8.797704658774E-03));
#2051 = ( GEOMETRIC_REPRESENTATION_CONTEXT(2) 
PARAMETRIC_REPRESENTATION_CONTEXT() REPRESENTATION_CONTEXT('2D SPACE',''
  ) );
#2052 = ORIENTED_EDGE('',*,*,#1917,.F.);
#2053 = ADVANCED_FACE('',(#2054),#1691,.F.);
#2054 = FACE_BOUND('',#2055,.F.);
#2055 = EDGE_LOOP('',(#2056,#2075,#2076,#2095));
#2056 = ORIENTED_EDGE('',*,*,#2057,.T.);
#2057 = EDGE_CURVE('',#1986,#1557,#2058,.T.);
#2058 = SURFACE_CURVE('',#2059,(#2062,#2069),.PCURVE_S1.);
#2059 = B_SPLINE_CURVE_WITH_KNOTS('',1,(#2060,#2061),.UNSPECIFIED.,.F.,
  .F.,(2,2),(5.,6.),.PIECEWISE_BEZIER_KNOTS.);
#2060 = CARTESIAN_POINT('',(2.066987298108,1.844468226929E-02,
    -0.299432452643));
#2061 = CARTESIAN_POINT('',(1.866987298108,1.844468226929E-02,
    -0.299432452643));
#2062 = PCURVE('',#1691,#2063);
#2063 = DEFINITIONAL_REPRESENTATION('',(#2064),#2068);
#2064 = LINE('',#2065,#2066);
#2065 = CARTESIAN_POINT('',(0.,0.));
#2066 = VECTOR('',#2067,1.);
#2067 = DIRECTION('',(1.,0.));
#2068 = ( GEOMETRIC_REPRESENTATION_CONTEXT(2) 
PARAMETRIC_REPRESENTATION_CONTEXT() REPRESENTATION_CONTEXT('2D SPACE',''
  ) );
#2069 = PCURVE('',#1590,#2070);
#2070 = DEFINITIONAL_REPRESENTATION('',(#2071),#2074);
#2071 = B_SPLINE_CURVE_WITH_KNOTS('',1,(#2072,#2073),.UNSPECIFIED.,.F.,
  .F.,(2,2),(5.,6.),.PIECEWISE_BEZIER_KNOTS.);
#2072 = CARTESIAN_POINT('',(0.175027562176,-9.677475124651E-02));
#2073 = CARTESIAN_POINT('',(0.,0.));
#2074 = ( GEOMETRIC_REPRESENTATION_CONTEXT(2) 
PARAMETRIC_REPRESENTATION_CONTEXT() REPRESENTATION_CONTEXT('2D SPACE',''
  ) );
#2075 = ORIENTED_EDGE('',*,*,#1672,.T.);
#2076 = ORIENTED_EDGE('',*,*,#2077,.F.);
#2077 = EDGE_CURVE('',#2007,#1647,#2078,.T.);
#2078 = SURFACE_CURVE('',#2079,(#2082,#2089),.PCURVE_S1.);
#2079 = B_SPLINE_CURVE_WITH_KNOTS('',1,(#2080,#2081),.UNSPECIFIED.,.F.,
  .F.,(2,2),(5.,6.),.PIECEWISE_BEZIER_KNOTS.);
#2080 = CARTESIAN_POINT('',(1.676789297208E-03,-2.066987298108,
    -0.227221132058));
#2081 = CARTESIAN_POINT('',(1.676789297208E-03,-2.048805479926,
    -0.227221132058));
#2082 = PCURVE('',#1691,#2083);
#2083 = DEFINITIONAL_REPRESENTATION('',(#2084),#2088);
#2084 = LINE('',#2085,#2086);
#2085 = CARTESIAN_POINT('',(0.,1.));
#2086 = VECTOR('',#2087,1.);
#2087 = DIRECTION('',(1.,0.));
#2088 = ( GEOMETRIC_REPRESENTATION_CONTEXT(2) 
PARAMETRIC_REPRESENTATION_CONTEXT() REPRESENTATION_CONTEXT('2D SPACE',''
  ) );
#2089 = PCURVE('',#1661,#2090);
#2090 = DEFINITIONAL_REPRESENTATION('',(#2091),#2094);
#2091 = B_SPLINE_CURVE_WITH_KNOTS('',1,(#2092,#2093),.UNSPECIFIED.,.F.,
  .F.,(2,2),(5.,6.),.PIECEWISE_BEZIER_KNOTS.);
#2092 = CARTESIAN_POINT('',(1.591159656143E-02,-8.797704658774E-03));
#2093 = CARTESIAN_POINT('',(0.,0.));
#2094 = ( GEOMETRIC_REPRESENTATION_CONTEXT(2) 
PARAMETRIC_REPRESENTATION_CONTEXT() REPRESENTATION_CONTEXT('2D SPACE',''
  ) );
#2095 = ORIENTED_EDGE('',*,*,#2006,.F.);
#2096 = ADVANCED_FACE('',(#2097),#1590,.F.);
#2097 = FACE_BOUND('',#2098,.F.);
#2098 = EDGE_LOOP('',(#2099,#2100,#2101,#2102,#2103,#2104));
#2099 = ORIENTED_EDGE('',*,*,#1556,.F.);
#2100 = ORIENTED_EDGE('',*,*,#2057,.F.);
#2101 = ORIENTED_EDGE('',*,*,#1985,.F.);
#2102 = ORIENTED_EDGE('',*,*,#1896,.F.);
#2103 = ORIENTED_EDGE('',*,*,#1807,.F.);
#2104 = ORIENTED_EDGE('',*,*,#1718,.F.);
#2105 = ADVANCED_FACE('',(#2106),#1661,.T.);
#2106 = FACE_BOUND('',#2107,.F.);
#2107 = EDGE_LOOP('',(#2108,#2109,#2110,#2111,#2112,#2113));
#2108 = ORIENTED_EDGE('',*,*,#1646,.T.);
#2109 = ORIENTED_EDGE('',*,*,#1784,.T.);
#2110 = ORIENTED_EDGE('',*,*,#1873,.T.);
#2111 = ORIENTED_EDGE('',*,*,#1962,.T.);
#2112 = ORIENTED_EDGE('',*,*,#2034,.T.);
#2113 = ORIENTED_EDGE('',*,*,#2077,.T.);
#2114 = ( GEOMETRIC_REPRESENTATION_CONTEXT(3) 
GLOBAL_UNCERTAINTY_ASSIGNED_CONTEXT((#2118)) 
GLOBAL_UNIT_ASSIGNED_CONTEXT((#2115,#2116,#2117)) REPRESENTATION_CONTEXT
('Context #1','3D Context with UNIT and UNCERTAINTY') );
#2115 = ( LENGTH_UNIT() NAMED_UNIT(*) SI_UNIT(.MILLI.,.METRE.) );
#2116 = ( NAMED_UNIT(*) PLANE_ANGLE_UNIT() SI_UNIT($,.RADIAN.) );
#2117 = ( NAMED_UNIT(*) SI_UNIT($,.STERADIAN.) SOLID_ANGLE_UNIT() );
#2118 = UNCERTAINTY_MEASURE_WITH_UNIT(LENGTH_MEASURE(1.E-07),#2115,
  'distance_accuracy_value','confusion accuracy');
#2119 = CONTEXT_DEPENDENT_SHAPE_REPRESENTATION(#2120,#2122);
#2120 = ( REPRESENTATION_RELATIONSHIP('','',#1549,#759) 
REPRESENTATION_RELATIONSHIP_WITH_TRANSFORMATION(#2121) 
SHAPE_REPRESENTATION_RELATIONSHIP() );
#2121 = ITEM_DEFINED_TRANSFORMATION('','',#11,#820);
#2122 = PRODUCT_DEFINITION_SHAPE('Placement','Placement of an item',
  #2123);
#2123 = NEXT_ASSEMBLY_USAGE_OCCURRENCE('17','=>[0:1:1:5]','',#754,#1544,
  $);
#2124 = PRODUCT_RELATED_PRODUCT_CATEGORY('part',$,(#1546));
#2125 = MECHANICAL_DESIGN_GEOMETRIC_PRESENTATION_REPRESENTATION('',(
    #2126),#741);
#2126 = STYLED_ITEM('color',(#2127),#37);
#2127 = PRESENTATION_STYLE_ASSIGNMENT((#2128));
#2128 = SURFACE_STYLE_USAGE(.BOTH.,#2129);
#2129 = SURFACE_SIDE_STYLE('',(#2130));
#2130 = SURFACE_STYLE_FILL_AREA(#2131);
#2131 = FILL_AREA_STYLE('',(#2132));
#2132 = FILL_AREA_STYLE_COLOUR('',#2133);
#2133 = COLOUR_RGB('',0.882352409191,0.882352409191,0.882352409191);
#2134 = MECHANICAL_DESIGN_GEOMETRIC_PRESENTATION_REPRESENTATION('',(
    #2135),#1461);
#2135 = STYLED_ITEM('color',(#2136),#843);
#2136 = PRESENTATION_STYLE_ASSIGNMENT((#2137));
#2137 = SURFACE_STYLE_USAGE(.BOTH.,#2138);
#2138 = SURFACE_SIDE_STYLE('',(#2139));
#2139 = SURFACE_STYLE_FILL_AREA(#2140);
#2140 = FILL_AREA_STYLE('',(#2141));
#2141 = FILL_AREA_STYLE_COLOUR('',#2133);
#2142 = MECHANICAL_DESIGN_GEOMETRIC_PRESENTATION_REPRESENTATION('',(
    #2143),#2114);
#2143 = STYLED_ITEM('color',(#2144),#1550);
#2144 = PRESENTATION_STYLE_ASSIGNMENT((#2145));
#2145 = SURFACE_STYLE_USAGE(.BOTH.,#2146);
#2146 = SURFACE_SIDE_STYLE('',(#2147));
#2147 = SURFACE_STYLE_FILL_AREA(#2148);
#2148 = FILL_AREA_STYLE('',(#2149));
#2149 = FILL_AREA_STYLE_COLOUR('',#2133);
ENDSEC;
END-ISO-10303-21;
